Duracell 3V Lithium Coin Battery with Bitter Coating No Flavors,3.77 
Amazon Basics 2 Pack CR1632 3 Volt Lithium Coin Cell Battery,5.49 
Plantar Fasciitis Feet Insoles Arch Supports Orthotics Inserts for Flat Feet High Arch Foot Pain Mens 4 - 4 1/2 | Womens 6 - 6 1/2,12.99 
Heel Grips Liner Cushions Inserts for Loose Shoes Heel Pads Snugs for Shoe Too Big Men Women Filler Improved Shoe Fit and Comfort Prevent Heel Slip and Blister (4 Pairs )(Black),9.99 
3 Pack Sock Underwear Organizer Dividers 64 Cell Fabric Foldable Cabinet Closet Organizers and Storage Boxes for Storing Socks Underwear Ties (16+24+24 Cell Beige),15.98 
Pink Miracle Shoe Cleaner Kit 8 Oz. Bottle Fabric Cleaner for Leather Whites and Nubuck Sneakers,18.97 
Copper Compression Copper Arch Support - 2 Plantar Fasciitis Braces/Sleeves. Foot Care Heel Spurs Feet Pain Relief Flat & Fallen Arches High Arch Flat Feet. (1 Pair Black - One Size Fits All),21.95 
LiCB 10 Pack LR44 AG13 357 303 SR44 Battery 1.5V Button Coin Cell Batteries,4.99 
Superfeet Green Professional-Grade High Arch Orthotic Shoe Inserts for Maximum Support Insole 2.5-4 Men / 4.5-6 Women,47.98 
2 Pair -Women Sneaker Shoes Protector Against Shoe Creases for Running Casual Shoes Toe Box Crease Protector Soft Material Women's US Size 5-8.5,9.99 
Dr. Scholl's Float-On-Air Insoles for Men Shoe Inserts That Relieve Tired Achy Feet with All Day Comfort  Men's 8-14,10.99 
Powerstep Pinnacle Arch Support Insoles Plantar Fasciitis Relief Shoe Inserts Orthotic Insoles Men and Women,25.95 
Dr. Scholl's Heavy Duty Support Pain Relief Orthotics Designed for Men over 200lbs with Technology to Distribute Weight and Absorb Shock with Every Step (for Men's 8-14),13.12 
Energizer 2032 Batteries Lithium CR2032 Watch Battery 6 Count,8.99 
VSUDO Flat Sneaker Shoe Lace Flat Shoe String for Sneaker Athletic Shoelace,4.99 
Weiman Jewelry Cleaner Liquid – Restores Shine and Brilliance to Gold Diamond Platinum Jewelry and Precious Stones – 7 Ounce,3.70 
CR2450 3V Lithium Battery (5pcs),5.88 
Dr. Scholl's AIR-PILLO Insoles Ultra-Soft Cushioning and Lasting Comfort with Two Layers of Foam that Fit in Any Shoe - One pair,2.90 
Duracell CR123A 3V Lithium Battery 12 Count Pack 123 3 Volt High Power Lithium Battery Long-Lasting for Home Safety and Security Devices High-Intensity Flashlights and Home Automation,9.48 
"DELELE 2 Pair Flat Shoe laces 5/16"" Wide Shoelaces for Athletic Running Sneakers Shoes Boot Strings",6.29 
"DELELE 2Pair Oval Shoes laces 42 Colors Half Round 1/4""Athletic ShoeLaces for Sport/Running Shoes Shoe Strings",6.15 
Foot Pads | Ginger Foot Pads for Your Good Feet | Foot and Body Care | Apply Sleep & Feel Better | All Natural & Premium Ingredients for Best Combination & Results | 20 PCS,15.77 
Dr. Scholl’s Massaging Gel Advanced Insoles All-Day Comfort that Allows You to Stay on Your Feet Longer (for Women's 6-10 also Available for Men's 8-14),9.89 
Miscly Round Boot Laces [1 Pair] Heavy Duty and Durable Shoelaces for Boots Work Boots & Hiking Shoes,7.99 
CONNOISSEURS Diamond Dazzle Stik - Portable Diamond Cleaner for Rings and Other Jewelry - Bring Out The Sparkle in Your Precious Stones,6.92 
Heel Protectors Heel Cups for Heel Pain (4PCS Beige) Adjustable Breathable Heel Support Heel Cushion Heel Cups for Plantar Fasciitis Tendinitis Heel Spur Aching Feet Relieve for Women & Men.,9.79 
Dr. Scholl's Work Insoles (Pack 2) // All-Day Shock Absorption and Reinforced Arch Support that Fits in Work Boots and More (for Men's 8-14 Also Available for Women's 6-10),10.88 
Crocs Jibbitz Letter Shoe Charms | Jibbitz for Crocs,3.74 
Lock Laces - Elastic No Tie Shoe Laces - One Size Fits All for Kids and Adults - Elastic No Tie Shoelaces,8.99 
TOP Moda Womens Hannah-1 Platform Chunky Heel Metallic Glitter Party Ankle Strap High Heel Sandal,13.00 
Xpand No Tie Shoelaces System with Elastic Laces - One Size Fits All Adult and Kids Shoes,9.99 
Dr.Scholl’s Plantar Fasciitis Pain Relief Orthotics Clinically Proven Relief and Prevention of Plantar Fasciitis Pain for Standart standart Cut to Fit: Women's Size 6-10 standart 1 Pair,12.99 
Metatarsal Pads | Metatarsal Pads for Women | Ball of Foot Cushions (2 Pairs Foot Pads) All Day Pain Relief and Comfort One Size Fits Shoe Inserts for Women (Beige),13.97 
Amazon Basics 2 Count (Pack of 1) CR1632 3 Volt Lithium Coin Cell Battery,4.69 
Dr. Scholl's Ball of Foot Cushions for High Heels (One Size) // Relieve and Prevent Ball of Foot Pain with Discreet Cushions That Absorb Shock and Make High Heels More Comfortable,6.42 
Jason Markk Shoe Cleaning Essentials,8.50 
DELELE 2 Pair Round Wave Shape Non Slip Heavy Duty and Durable Outdoor Climbing Shoelaces Hiking Shoe Laces Shoestrings,8.19 
CONNOISSEURS Silver Jewelry Cleaner - Restore The Shine and Brilliance to Tarnished Sterling Silver Jewelry in Just 10 Seconds,6.99 
KIWI Shoe Whitener White 4.0 oz (1 Bottle with Sponge Applicator),5.89 
Powerstep Original Insoles Neutral Arch Support Plantar Fasciitis Pain Relief Inserts for Men and Women Low Profile Shoes,24.82 
Dr. Scholl's HEEL CUSHIONS with Massaging Gel Advanced // All-Day Shock Absorption and Cushioning to Relieve Heel Discomfort (for Women's 6-10 also available for Men's 8-13),5.94 
NonScents Shoe Deodorizer - Odor Eliminator Freshener for Sneakers Gym Bags and Lockers,11.97 
Foot Pads - (60Pads) Ginger Foot Pads for Better Sleep and Anti-Stress Relief Pure Natural Bamboo Vinegar and Ginger Powder Premium Ingredients Combination for Foot and Body Care.,29.77 
"Handshop 1/4"" Oval Athletic Shoelaces 24""-72"" in 22 Colors Half Round Shoe Laces",3.99 
FootMatters Professional Boot & Shoe Stretch Spray – Softener & Stretcher for Leather Suede Nubuck Canvas – 4 oz,9.99 
CONNOISSEURS Fine Jewelry Cleaner | Bring New Life Back to Gold Platinum Diamonds and Precious Gemstones in Just 30 Seconds - 8 Fl Oz,6.99 
ZenToes Metatarsal Pads for Women and Men - 4 Pack Ball of Foot Cushions (Beige),12.99 
Dr. Scholl’s Extra Support Insoles Superior Shock Absorption and Reinforced Arch Support for Big & Tall Men to Reduce Muscle Fatigue So You Can Stay on Your Feet Longer (for Men's 8-14),12.97 
POWEROWL High Capacity LR44 Batteries 40 Pack L1154F AG13 357 303 SR44 A76 Premium Alkaline Battery 1.5V Button Coin Cell Batteries,7.99 
Duracell - 2025 3V Lithium Coin Battery with Bitter Coating - Long Lasting Performance - 1 count,4.53 
Samurai Insoles Ninjas Plantar Fasciitis Relief Arch Support Shoe Insoles - Podiatrist Designed Orthotic Lab Made in The USA,25.49 
KIWI Express Shoe Shine Sponge | Leather Care for Shoes Boots Furniture Jacket Briefcase and More | Black 0.23 Fl Oz (Pack of 1),3.93 
"BIRCH's Oval Shoelaces 27 Colors Half Round 1/4"" Shoe Laces 4 Different Lengths",3.99 
CR2032 3V Lithium Battery (20pcs),7.89 
Dr. Scholl's Plantar Fasciitis Sized to Fit Pain Relief Insoles // Shoe Inserts with Arch Support for Men and Women 1 Count,7.49 
"Handshop Flat Shoelaces 5/16"" - 20 Colors in 36""-72"" Shoe Laces For Sneakers",4.99 
Elastic No Tie Shoe Laces For AdultsKidsElderlySystem With Elastic Shoe Laces(2 Pairs),10.99 
+PROTECT | Shoe Crease Protector Guards for Sneakers: Air Force 1 Jordans Dunks & More – 2 Pairs,13.99 
Nuubu | Premium Deep Cleansing Foot Pads for Stress Relief Better Sleep & Foot Care | Organic Foot Patches with Bamboo Vinegar and Ginger Powder with Premium Ingredients for Best Results | 10 patches,18.95 
Crep Protect Spray-U Black Medium/One Size M US,15.00 
PU Leather Small Jewelry Box Travel Portable Jewelry Case for Ring Pendant Earring Necklace Bracelet Organizer Storage Holder Boxes (Black),6.99 
eachway Shoe Stretcher Shoe Trees Adjustable Length & Width for Men (for Men's Size Us 10-13.5),24.99 
Panasonic CR2016 3.0 Volt Long Lasting Lithium Coin Cell Batteries in Child Resistant Standards Based Packaging 2-Battery Pack,3.94 
Metal Shoe Horn Stainless Steel ShoeHorn 7.5 Inches - Portable for Travel Use,6.88 
Crocs Jibbitz Super Hero Shoe Charms | Jibbitz for Crocs,3.74 
Dr. Scholl’s Running Insoles // Reduce Shock and Prevent Common Running Injuries: Runner's Knee Plantar Fasciitis and Shin Splints (For Women's 5.5-9 also Available for Men's 7.5-10 & Men's 10.5-14),12.97 
LiCB 20 Pack LR1130 AG10 Battery 1.5V Long-Lasting Alkaline Button Cell Batteries,5.99 
Lot of 2550100 pcs Random PVC Different Shoe Charms for Shoe Decoration,9.99 
INMAKER No Tie Shoe Laces for Adults and Kids Elastic Shoelaces for Sneakers Rubber Silicone Tieless Laces,6.99 
RJ-Sport Tieless Elastic Shoe Laces - Heavy Duty No Tie Shoelaces for Kids and Adult with Strong Lock and Speed Shoestrings,6.99 
Dr. Scholl’s TRI-COMFORT Insoles // Comfort for Heel Arch and Ball of Foot with Targeted Cushioning and Arch Support (for Men's 8-12 also available Women's 6-10),7.81 
YAZO 3050100 pcs Random Shoe Charms for Shoe & Bracelet Wristband Party Gifts,9.99 
2 Pair -Women Sneaker Shoes Protector Against Shoe  for Running Casual Shoes Toe Box Protector Soft Material Women's US Size 5-8.5,9.99 
Duracell DL2032B2 | Lithium 3V CR2032 Battery (2 Pack),6.60 
Dr. Scholl's HEEL Pain Relief Orthotics // Clinically Proven to Relieve Plantar Fasciitis Heel Spurs and General Heel Aggravation (for Women's 6-10),11.99 
Dr. Shoesert Non-Slip Shoes Pads Adhesive Shoe Sole Protectors High Heels Anti-Slip Shoe Grips (Yellow + Black),9.99 
LLSOARSS Plantar Fasciitis Feet Sandal with Arch Support - Best Orthotic flip Flops for Flat Feet，Heel Pain- for Women,19.89 
Earring Holder5-Tier Ear Stud Holder with Wooden TrayJewelry Organizer Holder for Earrings Necklaces Bracelets Watches and RingsEarring Display Stand Black,22.99 
Shoe Insoles Memory Foam Insoles Providing Excellent Shock Absorption and Cushioning for Feet Relief Comfortable Insoles for Men and Women for Everyday Use S [US : 4.5-6.5],8.89 
"BIRCH's Shoelaces in 27 Colors Flat 5/16"" Shoe Laces in 4 Different Lengths",4.99 
AmVolt- Pack of 15 LR44 Batteries AG13A76 Battery Premium Alkaline Ultra Power Non Rechargeable Button Battery 1.5 Volt Small Batteries for Remotes Games Controllers Toys & Electronic Devices,4.99 
Energizer CR2032 Lithium Battery 3V Coin Cell (Value Pack of 2),4.75 
Dr. Scholl's Athletic Series Fitness Walking Insoles Women’s Size 6-11 1 PairMen's 8-14) 1 Pair,12.85 
BAGSMART Travel Jewelry Organizer Case Small Jewelry Roll for Journey-Rings Necklaces Earrings Bracelets Black,16.99 
"Stepace [2 Pairs] Flat Shoe Laces for Sneakers 30""-72"" Length 26 Color Shoelaces",6.99 
LiCB 20 Pack LR41 AG3 392 384 192 Battery 1.5V Button Coin Cell Batteries,5.99 
Powerstep Pinnacle Maxx Insoles Neutral Arch Support Plantar Fasciitis Pain Relief Rigid Shell Maximum Cushioning,27.49 
Voova Jewelry Box Organizer for Women Girls 2 Layer Large Men Jewelry Storage Case PU Leather Display Jewellery Holder with Removable Tray for Necklace Earrings Rings Bracelets Vintage Gift Black,24.99 
[2 Pairs] Pack Waxed Round Oxford Shoe Laces for Dress Shoes Chukka 3/32Inch Thin,2.98 
4 Pairs Shoe Crease Protectors for Air Force Shoes Anti-Wrinkle Shoe Crease Guard for Sneaker and Casual Shoes Anti Crease Shoe Protectors for Men's 7-12/ Women's 5-8,9.99 
Plantar Fasciitis Arch Support Insoles for Men and Women Shoe Inserts - Orthotic Inserts - Flat Feet Foot - Running Athletic Gel Shoe Insoles - Orthotic Insoles for Arch Pain High Arch - Boot Insoles,29.99 
ForceField Sneaker Toebox Crease Preventers Small-Children's 4-7/Women's 5-10 US,12.99 
Energizer 357 Batteries 357 Battery 3 Count,4.78 
Elastic Shoe Laces for Kids and Adults SneakersElastic No Tie Shoelaces,5.99 
Energizer 2025 3V Batteries 3 Volt Battery Lithium Coin 1 Count,1.59 
Watch Band Strap Link Pins Remover Repair Tool24 in 1 Kit with 6 Extra Tips Replacement20PCS Cotter PinSpring Bar Tool Set1PCS Head Hammer,11.99 
"3 Pairs Shoe laces 5/16"" Wide Flat Shoelaces for Sneakers Athletic Running Adults Kids",5.09 
HOME SMILE Aunt Gifts from Niece Aunt and Niece Gifts Ring Dish for Aunts Birthday Mothers Day Valentine’s Day Thanksgiving Xmas-The Love Between Anut & Niece Knows No Dsitance,5.99 
Energizer A23 Batteries A23 Battery Alkaline 2 Count,3.79 
BB Brotrade Hanging Jewelry OrganizerAccessories Organizer80 Pocket Organizer for Holding Jewelries（Beige）,13.95 
Gerber unisex-baby 8-pack Short Sleeve Onesies Bodysuits,13.95 
Muslin Burp Cloths Large 20 by 10 Inches 100% Cotton 6 Layers Extra Absorbent and Soft 4 Pack Blue,9.99 
Gerber unisex-baby 5-pack Solid Onesies Bodysuits,8.00 
Burt's Bees Baby Boys' Sleep and Play PJs 100% Organic Cotton One-Piece Romper Jumpsuit Zip Front Pajamas,7.30 
Burt's Bees Baby Baby Boys' Pajamas Tee and Pant 2-Piece Pj Set 100% Organic Cotton,5.81 
Muslin Burp Cloths for Baby 10 Pack 100% Cotton Baby Washcloths Large 20''X10'' Super Soft and Absorbent by Yoofoss - Alpaca,17.95 
Muslin Burp Cloths 6 Pack Large 100% Cotton Hand Washcloths 6 Layers Extra Absorbent and Soft (Blue Pack of 6),14.95 
Burt's Bees Baby Baby Girls' Pajamas Tee and Pant 2-Piece Pj Set 100% Organic Cotton,10.00 
Gerber baby-girls 4 Pack Sleep 'N Play Footie,15.36 
Zaples Baby Non Slip Grip Ankle Socks with Non Skid Soles for Infants Toddlers Kids Boys Girls,14.99 
Hudson Baby Unisex Baby Plush Animal Face Robe Aztec One Size 0-9 Months,9.99 
RuffleButts® Baby/Toddler Girls Long Sleeve One Piece Swimsuit with UPF 50+ Sun Protection,24.99 
CozyWay Baby Non Slip Socks Toddler Socks With Grips Ankle for Infants Kids Little Girls Boys,9.99 
Nested Bean Zen Sack - Gently Weighted Sleep Sacks | Baby: 0-24 Months | Cotton 100% | Help Newborn/Infant Swaddle Transition,37.99 
Simple Joys by Carter's Toddlers and Baby Boys' Snug-Fit Footed Cotton Pajamas Pack of 3,26.30 
Simple Joys by Carter's Toddlers and Baby Boys' Swimsuit Trunk and Rashguard,16.50 
Simple Joys by Carter's Baby Boys' Short-Sleeve Bodysuit Pack of 6,19.30 
Burt's Bees Baby Unisex-Baby Beekeeper Wearable Blanket 100% Organic Cotton Swaddle Transition Sleeping Bag,18.61 
Simple Joys by Carter's Baby Girls' Short-Sleeve Bodysuit Pack of 6,18.50 
Simple Joys by Carter's Baby Girls' Snap-Up Rompers Pack of 3,19.50 
mushie Silicone Baby Bib | Adjustable Fit Waterproof Bibs (Blush),12.99 
Burt's Bees Baby Baby Boys' Sleep and Play Pjs 100% Organic Cotton One-Piece Romper Jumpsuit Zip Front Pajamas,7.30 
Gerber Baby 4-Pack Gown,10.00 
PandaEar Set of 3 Cute Silicone Baby Bibs for Babies & Toddlers (10-72 Months) Waterproof Soft Unisex Non Messy (Brown/Blue/Green),11.65 
Simple Joys by Carter's Baby Girls' 6-Piece Bodysuits (Short and Long Sleeve) and Pants Set,23.30 
Gerber baby-boys 4 Pack Sleep 'N Play Footie,19.98 
Felix & Flora Toddler Little Girl Dress Shoes - Girl Mary Jane Flats Party School Wedding,12.74 
Hudson Baby Unisex Baby Cotton Sleeveless Bodysuits,8.63 
Gerber baby-boys 5-pack Variety Onesies Bodysuits,13.95 
Simple Joys by Carter's Baby Boys' Pant Pack of 4,16.60 
Hudson Baby Unisex Baby Cotton Bodysuits,5.99 
Felix & Flora Toddler Flower Girl Dress Shoes - Girl Ballet Flats Party School Shoes Wedding,16.99 
Onesies Brand Baby Boys 4-Pack Sleep 'N Play Footies,14.95 
LA ACTIVE Non Slip Grip Ankle Boys and Girls Socks for Babies Toddlers and Kids,11.84 
i play. by green sprouts Baby Girls' Sun Hat,12.00 
Little Me 20-Pack Newborn Baby Infant & Toddler Girls Socks 0-12/12-24 Months Assorted Size Pack,12.99 
Burt's Bees Baby - Burp Cloths 100% Organic Cotton Absorbent 5-Pack Drool Cloths (Blossom Pink Variety Prints),18.60 
The Children's Place Baby Toddler Boys Short Sleeve Pique Polo,6.00 
CozyWay Non Slip Toddler Socks for Kids With Grips 12 Pairs Sticky Anti Skids Boys Girls 1-9 Years,9.99 
Durio UPF 50+ Beach Baby Sun Hat Sun Protection Cute Wide Brim Summer Baby Boy Bucket Hats Toddler Sun Hats for Girl,8.99 
FEETCITY Baby Boys Girls Water Sport Shoes Barefoot Kids Aqua Socks Quick-Dry Beach Swim Pool Shoes,11.99 
BGFKS Layered Tulle Tutu Dress for Toddler GirlsBaby Girl Rainbow Tutu Princess Skirt Set with Flower Headband.,18.99 
Fruit of the Loom Baby 14-Pack Grow & Fit Flex Zones Cotton Stretch Socks - Unisex Girls Boys,15.99 
Burt's Bees Baby Baby Boys Sleeper Pajamas Zip-Front Non-Slip Footie PJs Organic Cotton,13.52 
Burt's Bees Baby baby-girls Sleeper Pajamas Zip Front Non-slip Footed Sleeper Pjs 100% Organic Cotton,12.55 
The Children's Place Baby Toddler Boys Pull on Jogger Shorts,8.00 
Simple Joys by Carter's Toddlers and Baby Boys' Knit Shorts Multipacks,17.50 
Hudson Baby Unisex Baby Cotton Long-Sleeve Bodysuits,5.49 
Simple Joys by Carter's Toddlers and Baby Boys' Crew Socks Pack of 12,15.60 
Simple Joys by Carter's Toddlers and Baby Boys' Snug-Fit Footless Cotton Pajamas Pack of 3,27.70 
Luvable Friends Unisex Baby Cotton Flannel Receiving Blankets Bundle Abc One Size,10.87 
Simple Joys by Carter's Baby Girls' Pant Pack of 4,16.60 
i play. by green sprouts Snap Reusable Swim Diaper | No other diaper necessary UPF 50+ protection,12.99 
HALO Sleepsack 100% Cotton Wearable Blanket TOG 0.5 Baby Blue Large,24.98 
The Children's Place Baby Toddler Girls Leggings,8.98 
KIDSUN Unisex Baby Boys Girls High Top Sneaker Soft Anti-Slip Sole Newborn Infant First Walkers Canvas Denim Shoes,6.99 
Simple Joys by Carter's Toddlers and Baby Girls' 2-Piece Assorted Rashguard Sets,16.50 
Onesies Brand Baby 4-Pack Sleep 'N Play Footies Multi Pack,16.95 
COCOSAND Baby Sunglasses with Strap,16.09 
Hudson Baby Unisex-Baby Cozy Fleece Booties,6.50 
Hanes Boys' Ankle Sock 10-pack,8.47 
Simple Joys by Carter's Baby Boys' Fleece Footed Sleep and Play Pack of 2,10.23 
Hanes Ultimate Baby Flexy 5 Pack Short Sleeve Bodysuits,13.74 
Yoofoss Baby Bibs 10 Pack Soft and Absorbent Baby Bandana Drool Bibs for Boys Girls,15.99 
Simple Joys by Carter's Baby Boys' Snap-Up Rompers Pack of 3,19.40 
Simple Joys by Carter's Toddlers and Baby Boys' Loose-Fit Flame Resistant Fleece Footed Pajamas Pack of 3,16.43 
Niyage Toddler Girls Elegant Lace Pom Pom Flutter Sleeve Party Princess Dress,16.50 
Hanes Ultimate Baby Zippin 2 Pack Rompers,14.68 
SimpliKids UPF 50+ UV Ray Sun Protection Wide Brim Baby Sun Hat,11.99 
Lilax Little Girls' Knit Long Sleeve Button Closure Bolero Cardigan Shrug,15.99 
Simple Joys by Carter's Babies Toddlers and Boys' 6-Piece Snug-Fit Cotton Pajama Set,24.30 
Simple Joys by Carter's Toddlers and Baby Girls' Snug-Fit Footless Cotton Pajamas Pack of 3,26.30 
FURTALK Baby Sun Hat UPF 50+ UV Ray Sun Protection Cotton Toddler Hats for Boys Girls,13.99 
"8 Pack Large Burp Cloths for Baby - 20"" by 10"" Ultra Absorbent Burping Cloth Hand Washcloths Newborn Towel - Milk Spit Up Rags - Burpy Cloths for Unisex Boy Girl - Burp Cloths Set(Aquamarine)",9.99 
SANGTREE Baby Boys Clothes Dress Shirt with Bowtie + Suspender Pants 6 Months - 6 Years,17.80 
Baby Sun Hat Smile Face Toddler UPF 50+ Sun Protective Bucket hat Nice Beach hat for Baby Girl boy Adjustable Cap,13.99 
Simple Joys by Carter's Toddlers and Baby Girls' Loose-Fit Polyester Jersey Footed Pajamas Pack of 3,22.00 
Onesies Brand baby-boys 8-pack Short Sleeve Mix & Match Bodysuits,16.26 
Simple Joys by Carter's Unisex Babies' Cotton Sleeper Gown Pack of 3,15.60 
Simple Joys by Carter's Baby Girls' Sleeveless Bodysuit Pack of 6,18.50 
Simple Joys by Carter's Baby Girls' Romper Sunsuit and Dress Pack of 3,24.30 
The Children's Place Baby Toddler Boys Chino Shorts,7.48 
VAENAIT BABY 12M-12Y Toddler Kids Girls Boys Soft Comfy Modal Tencel Solid Raglan Sleepwear Pajamas Pjs 2pcs Set,17.99 
Amazon Essentials Unisex Toddlers and Babies' Cotton Pull-on Shorts Multipacks,10.34 
Newborn Baby Boy Girl Clothes Ribbed Knitted Cotton Long Sleeve Romper Long Pants Solid Color Fall Winter Outfits,9.99 
Simple Joys by Carter's Toddlers and Baby Girls' Snug-Fit Footed Cotton Pajamas Pack of 3,26.30 
Hudson Baby Unisex Baby Cotton Bodysuit Shorts and Shoe Set,13.99 
Meckior Infant Baby Girls Soft Sole Bowknot Princess Wedding Dress Mary Jane Flats Prewalker Newborn Light Baby Sneaker Shoes,7.99 
16PCS Baby Nylon Headbands Hairbands Hair Bow Elastics for Baby Girls Newborn Infant Toddlers Kids,15.99 
HALO Micro-Fleece Sleepsack Swaddle 3-Way Adjustable Wearable Blanket TOG 3.0 Baby Blue Preemie,24.99 
Duufin 25 Pairs Toddler Ankle Socks Low Cut Kids Half Cushion Socks Low Rise Ankle Socks for Boys and Girls,13.99 
The Children's Place Baby and Toddler Boys Short Sleeve Graphic T-Shirt,3.99 
CozyWay Baby Girls Tights Cable Knit Leggings Stockings Cotton 1/3/4/5 Pack Pantyhose Infants Toddlers 0-4t,5.85 
Outee Toddler Kids Adorable Lightwight Waterproof Rain Boots Light Up by Steps,16.99 
Touched by Nature Unisex Baby Organic Cotton Socks,9.30 
Simple Joys by Carter's Toddlers and Baby Girls' Short-Sleeve and Sleeveless Dress Sets Pack of 2,18.50 
Hanes Boxer Briefs Pack Cool Dri Moisture-Wicking 100% Cotton No-Ride-up Underwear for Men Multipack,14.99 
Hanes Men's Full-Zip Eco-Smart Hoodie,15.76 
Levi's Men's 505 Regular Fit Jeans,16.51 
Carhartt Mens Loose Fit Heavyweight Short-sleeve Pocket T-shirt,15.97 
Gildan Men's Crew T-Shirts Multipack,15.00 
adidas Men's Adilette Shower Slide,14.00 
Fruit of the Loom Men's Coolzone Boxer Briefs (Assorted Colors),18.99 
Fruit of the Loom Men's Stay Tucked Crew T-Shirt,15.74 
BRONAX Cloud Slippers for Women and Men | Shower Slippers Bathroom Sandals | Extremely Comfy | Cushioned Thick Sole,23.99 
Gildan Men's Ultra Cotton T-Shirt Style G2000 Multipack,7.99 
Joomra Pillow Slippers for Women and Men Non Slip Quick Drying Shower Slides Bathroom Sandals | Ultra Cushion | Thick Sole,19.99 
VIFUUR Water Sports Shoes Barefoot Quick-Dry Aqua Yoga Socks Slip-on for Men Women,8.68 
Dickies Men's Dri-tech Moisture Control Crew Socks Multipack,12.99 
Hanes Men's Pullover EcoSmart Hooded Sweatshirt,14.10 
Crocs Unisex-Adult Men's and Women's Classic Clog (Neutral Colors),29.24 
Crocs Unisex-Adult Men's and Women's Classic Clog (Retired Colors),22.39 
Kanu Surf Men's Barracuda Swim Trunks (Regular & Extended Sizes),18.99 
Gildan Adult Fleece Crewneck Sweatshirt Style G18000,8.57 
Hanes Men's White T-Shirt Pack Available Moisture-Wicking Shirts 100% Cotton Undershirts for Men Multipack,12.25 
Hey Dude Men's Wally Multiple Colors | Men’s Shoes | Men's Lace Up Loafers | Comfortable & Light-Weight,54.18 
Under Armour Men's Tech Graphic Shorts,17.76 
Saucony Men's Multi-Pack Mesh Ventilating Comfort Fit Performance No-Show Socks,13.99 
Under Armour Men's Charged Assert 9 Running Shoe,42.04 
Amazon Essentials Men's Regular-Fit Quick-Dry Golf Polo Shirt,4.98 
Fruit of the Loom Men's Eversoft Fleece Sweatshirts & Hoodies,10.55 
Amazon Essentials Men's Classic-fit Wrinkle-Resistant Flat-Front Chino Pant,12.21 
PAPLUS Ankle Compression Sock for Men and Women 2/4/6 Pairs Low Cut Compression Running Sock with Ankle Support,11.99 
Hanes Men's EcoSmart Sweatshirt,7.99 
Gildan Men's Heavy Cotton T-Shirt Style G5000 Multipack,7.72 
Birkenstock Unisex Arizona Essentials EVA Sandal,34.00 
INTO THE AM Men's T-Shirts - Short Sleeve Crew Neck Soft Fitted Tees S - 4XL,19.95 
Hanes Men's EcoSmart Sweatshirt,7.99 
Wrangler Authentics Men's Classic 5-Pocket Regular Fit Flex Jean,24.99 
Levi's Men's 501 Original Fit Jeans,28.53 
Wrangler Authentics Men's Premium Twill Cargo Short,20.99 
Amazon Essentials Men's Slim-fit Wrinkle-Resistant Flat-Front Chino Pant,17.42 
Levi's Men's 550 Relaxed Fit Jeans,20.77 
J.Ver Men's Casual Long Sleeve Stretch Dress Shirt Wrinkle-Free Regular Fit Button Down Shirts,16.99 
Gildan Men's Ultra Cotton Long Sleeve T-Shirt Style G2400 Multipack,7.53 
Levi's Men's 511 Slim Fit Jeans,22.44 
Carhartt Mens Loose Fit Heavyweight Short-sleeve Pocket T-shirt (Big and Tall),15.99 
"Belt Men CHAOREN Ratchet Belt Dress with 1 3/8"" Genuine Leather Jeans Belt with Easier Slide Buckle Adjustable Trim to Fit",19.99 
Wrangler Authentics Men's Regular Fit Comfort Flex Waist Jean,18.70 
Crocs Unisex-Adult Classic Clog (Retired Colors) | Slip on Water Shoes,31.95 
Gildan Adult Fleece Hooded Sweatshirt Style G18500,12.15 
Under Armour Men's Tech 2.0 Short-Sleeve T-Shirt,18.68 
Gildan Men's A-Shirts Tanks Multipack,13.95 
Gildan Men's V-Neck T-Shirts Multipack,17.99 
Fruit of the Loom Men's Eversoft Fleece Sweatpants & Joggers (Regular & Big Man),5.64 
Dickies mens Dri-tech Moisture Control Quarter Socks Multipack,12.79 
Crocs Unisex-Adult Bistro Clog | Slip Resistant Work Shoes,23.81 
MAGCOMSEN Men's Polo Shirt Quick Dry Performance Long and Short Sleeve Tactical Shirts Pique Jersey Golf Shirt,19.98 
Haggar Men's Premium No Iron Khaki Classic Fit Expandable Waist Flat Front Pant,22.35 
Wrangler Authentics Men's Classic 5-Pocket Relaxed Fit Cotton Jean,23.99 
Lee Men's Performance Series Extreme Motion Straight Fit Tapered Leg Jean,22.00 
VATPAVE Mens Floral Hawaiian Shirts Short Sleeve Button Down Beach Shirts,22.99 
Hanes Men's 6-Pack Tagless Cotton Tank Undershirt,16.08 
"Amazon Essentials Men's Classic-Fit 9"" Short",7.25 
Levi's Men's 559 Relaxed Straight Jean,16.59 
5 Pack: Men’s Dry-Fit Moisture Wicking Active Athletic Performance Crew T-Shirt,32.99 
Champion Men's Classic Jersey Tee,8.50 
Fruit of the Loom Men's Short Sleeve Pocket T-Shirt,15.79 
Dickies Men's Original 874 Work Pant,21.01 
Fruit of the Loom Men's Tag-Free Cotton Briefs,13.99 
Champion Sports Adult and Youth Baseball/Softball Uniform Belts - in Multiple Colors,3.99 
TRAVANDO Mens Slim Wallet with Money Clip AUSTIN RFID Blocking Bifold Credit Card Holder for Men with Gift Box,24.95 
No Show Men Socks Low Cut Ankle Sock Men Short Socks Casual Cotton Socks,11.99 
Fruit of the Loom Men's Tag-Free Boxer Shorts (Knit & Woven),11.65 
JEKAOYI Button Down Short Sleeve Linen Shirts for Men Summer Casual Cotton Spread Collar Beach Shirts,19.53 
Crocs Unisex-Adult Crocband Clog,23.04 
Levi's Men's 541 Athletic-Fit Jeans,18.04 
Amazon Essentials Men's Standard Regular-fit Cotton Pique Polo Shirt,6.19 
Amazon Essentials Men's Performance Tech Loose-Fit Shorts Pack of 2,15.46 
UBFEN Mens Womens Water Shoes Aqua Shoes Swim Shoes Beach Sports Quick Dry Barefoot for Boating Fishing Diving Surfing with Drainage Driving Yoga Upstream,16.99 
COOFANDY Men's Cotton Linen Henley Shirt Long Sleeve Hippie Casual Beach T Shirts,19.99 
BeltBro Titan No Buckle Elastic Belt For Men — Fits 1.5 Inch Belt Loops Comfortable and Easy To Use,12.95 
Goodthreads Men's Slim-Fit Short-Sleeve Cotton Crewneck T-Shirt,3.58 
COOFANDY Men's Cotton Linen Henley Shirt Long Sleeve Hippie Casual Beach T Shirts,19.99 
ZEROYAA Men's Long Sleeve Dress Shirt Solid Slim Fit Casual Business Formal Button Up Shirts with Pocket,22.95 
Lugz Men's Clipper Sneaker,15.66 
Amazon Essentials Men's Standard Regular-fit Cotton Pique Polo Shirt,6.19 
Russell Athletic Men's Cotton Performance Short Sleeve T-Shirt,4.99 
Dagacci Scrubs Medical Uniform Women and Man Scrubs Set Medical Scrubs Top and Pants,17.99 
Match Men's Wild Cargo Pants,26.99 
Amazon Essentials Men's Long-Sleeve Regular-fit Casual Poplin Shirt,5.93 
Flexfit Men's Athletic Baseball Fitted Cap,8.99 
Crocs Unisex-Adult Men's and Women's Baya Clog,29.94 
Thunderfit Men's Silicone Ring Step Edge Rubber Wedding Band 10mm Wide 2.5mm Thick,7.21 
adidas Men's Basic Badge Of Sport Tee,9.93 
Hanes Men's Tagless Boxer with Exposed Waistband Multiple Packs Available,16.74 
FANSING 316l Surgical Steel Hinged Nose Rings Hoop 20G 18G 16G 14G 12G 10G 8G 6G Diameter 5mm to 22mm Gold - Rose Gold - Silver - Black - Blue - Rainbow,7.98 
COOFANDY Men's Cotton Linen Henley Shirt Long Sleeve Hippie Casual Beach T Shirts,19.99 
Hanes Total Support Pouch Men's Boxer Briefs Pack Anti-Chafing Moisture-Wicking Underwear Odor Control (Reg or Long Leg),16.47 
Hey Dude Men's Wally Sox Multiple Colors | Men’s Shoes | Men's Lace Up Loafers | Comfortable & Light-Weight,49.95 
COOFANDY Men's Cotton Linen Henley Shirt Long Sleeve Hippie Casual Beach T Shirts,19.99 
Gildan Men's Short Leg Boxer Briefs Multipack,12.99 
Amazon Essentials Men's Classic-Fit 10” Cargo Short,8.74 
Hanes Men's Essentials Short Sleeve T-shirt Value Pack (4-pack),9.97 
Fruit of the Loom Men's Tag-Free Tank A-Shirt,14.98 
Wrangler Authentics Men's Comfort Flex Waist Relaxed Fit Jean,24.99 
Hanes Men's Long Sleeve Cool Dri T-Shirt UPF 50+ (Pack of 2),17.33 
Akstore Women’s Heat Resistant 28-Inch 70cm Long Curly Hair Wig with Wig Cap Black,11.88 
Men's Ankle Banded Cuff Renaissance Pants Medieval Viking Navigator Trousers Pirate Cosplay Costume with Drawstrings,16.99 
Kaneles Mullet Wigs for Men 70s 80s Costumes Mens Black Fancy Party Accessory Cosplay Hair Wig,15.69 
80s Fancy Dress Costume Accessories Lace Headband Earrings Fishnet Gloves Necklace Bracelet for 80s Retro Party,11.59 
LZH Encanto Mirabel Costume Dress For Girls Cosplay Isabela Madrigal Princess Halloween Dress Up With Glasses Earrings,32.99 
Moomphya Men's Pirate Shirt Viking Steampunk Retro Renaissance Medieval Gothic Victorian Halloween Costume,23.99 
CLGIFT Bride Minnie Ears Headbandbride ears bride mickey earsAB white minnie ears bachelorette party ears Rainbow Sparkle Mouse EarsClassic Red Sequin Minnie Ears (Iridescent white),9.99 
BABEYOND 1920s Flapper Accessories Gatsby Costume Accessories Set 20s Flapper Headband Pearl Necklace Gloves Cigarette Holder,19.99 
1920s Accessories Headband Necklace Gloves Cigarette Holder Flapper Costume Accessories Set for Women,16.99 
50PCS Kids Face_Mask Children 3Ply Earloop Breathable Kids Face_Mask Outdoor School Supplies Boys Girls Gfit,14.99 
Hoshin Masquerade Mask Mardi Gras Deecorations Venetian Masks for Womens,15.99 
80s Costume Accessories Set T-Shirt Tutu Headband Earring Necklace Leg Warmers,32.99 
Renaissance Costume Women Medieval Chemise Dress Peasant Tops Irish Under Dress,24.49 
Mirabel Dress for Girls Mirabel Costume Cartoon Halloween Cosplay Outfit for Girls Kids,29.95 
ZeroShop 1920s Great Gatsby Accessories Set for WomenCostume Flapper Headpiece Headband,16.99 
AIEYEZO Tony Stark Sunglasses Vintage Square Metal Frame Eyeglasses for Men Women - Iron Man and Spider-Man Sun Glasses,14.99 
BABEYOND 1920s Mens Gatsby Gangster Vest Costume Accessories Set Fedora Hat (Beige X-Small),32.99 
Disney Princess Dress Up Trunk Deluxe 21 Piece [Amazon Exclusive],29.99 
Bbalizko Mens Pirate Shirt Vampire Renaissance Victorian Steampunk Gothic Ruffled Medieval Halloween Costume Clothing,17.98 
Stelle Girls Mary Jane Glitter Shoes Low Heel Princess Flower Wedding Party Dress Pump Shoes for Kids Toddler,22.38 
U.S. Toy H462 Adult Boa Cowgirl Hat Pink,14.99 
1920s Mens Costume Fedora HatGatsby Gangster VestVintage Pocket WatchPre Tied Bow TieTie,42.99 
Simplicity Women's Adult Classic Elastic 3 or 4 Layered Tulle Tutu Skirt,17.99 
Superhero Costume Bodysuit for Kids Halloween Cosplay Jumpsuit 3D Style,29.99 
"SAVITA Long Elbow Satin Gloves 21"" Stretchy 1920s Opera Gloves Evening Party Dance Gloves for Women",9.99 
Blippi Costume Roleplay Accessories Perfect for Dress Up and Play Time - Includes Iconic Orange Bow Tie Suspenders Hats and Glasses for Young Children and Toddlers - Roleplay Set 36 Month and up,14.99 
Simplicity Unisex Timelessly Classic Manhattan Fedora Hat,17.99 
Woplagyreat Kids Cute Face Mask Design Reusable Washable Madks Facemask with Adjustable Earloops Gift,7.99 
ToBunm Isabela Costume for Girls Encant Dress Outfit Cosplay Princess Tutu Dress Up for Halloween…,19.99 
Halloween Mask Superhero Masks Cosplay Costumes Mask Lycra Fabric Material …,15.80 
"MapofBeauty 28"" 70cm Long Curly Hair Ends Costume Cosplay Wig (Azure)",9.99 
JOGAL Mens 70s Disco Costume Silver Sequins Short Sleeve Button Down Shirts,26.99 
Masquerade Mask for Men- Roman Greek Mythological Ventian Mask Halloween Cosplay Mardi Gras,14.99 
Blulu 80's Lace Headband Neon Earrings Fingerless Fishnet Gloves for 80's Party,9.99 
Masquerade Mask for Women Metal Mask Shiny Rhinestone Venetian Party Evening Prom Ball Mask Bar Costumes Accessory,12.99 
Tutu Dreams Sequin Unicorn Dress for Girls 1-10Y with Headband Birthday Dance Party Dresses,23.75 
Leg Avenue Women's Solid Hue Thigh Highs,4.00 
Men Hooded Robe Cloak Knight Fancy Cool Cosplay Costume,17.98 
Just Play Children’s Single Use Face Mask Barbie 14 Count Small Ages 2-7,2.99 
Woplagyreat Kids Face Masks Breathable Reusable Adjustable Ear Loops Cute Print Cloth for Outdoor,8.99 
Hip Hop Woman Costume Kit Old School Rapper Sunglasses Faux Gold Rope Chain Earrings 80s/ 90s Rapper Accessories,15.99 
GUOER Hat Bouffant Cap One Size Multi Color,10.98 
Pink Cowgirl Hat with Feather Boa - Fluffy Feather Brim Adult Size Cowboy Hat with Feathers for Bachelorette Costume Party Play Dress-Up Fits For Women,14.89 
Women Hippie Costume Set Peace Sign Earring Necklace Headband Dress Ankle Socks,34.99 
Toys for 3-10 Year Old Boys ROKO Superhero Capes for Kids 3-10 Year Old Boy Gifts Boys Cartoon Dress up Costumes Party Supplies Easter Gifts Kids Capes Superhero Capes,18.99 
Simplicity Women's Classic 5 Layered Tulle Tutu Skirt,15.99 
2 Pairs Elf Ears - Medium and Long Style Cosplay Fairy Pixie Elf Ears Soft Pointed Ears Tips Anime Party Dress Up Costume Masquerade Accessories Halloween Elven Vampire Fairy Ears (2 Pairs),7.99 
Kamirola - Queen Crown and Tiara Princess Crown for Women and Girls Crystal Headbands for Bridal Princess for Wedding and Party (Black),15.99 
Imagine by Rubie's Marvel Avengers Play Trunk with Iron Man Captain America Hulk Black Panther Costumes/Role Play * Amazon Exclusive,34.99 
"GiftExpress Mexican Sombrero Hat Adults with Serape Trim 21"" Wide Authentic Sombrero for Cinco de Mayo Straw Sombrero with Serape Band Adult Mexican Serape Costume",21.97 
Full Bodysuit Unisex Spandex Stretch Adult Costume Zentai Disappearing Man Body Suit,29.99 
OppoSuits Men's The Orange-Party/Costume Suit,59.99 
ReliBeauty Girls Dress Puff Sleeve Princess Costume,34.99 
"Kids Face Mask Individually Wrapped Disposable Face Masks for Boys and Girls，Multicolored Camo Face Masks 3-ply 5.7"" x 3.7"" Children's Size-for Childcare School Daily use (50PCS 5 Colours)",11.99 
Halloween Pirate Costume Women Men Pirate Head Scarf Hat Accessories Pirate Sash Belt Pirate Bandana Headband Waist Belt,12.99 
Superhero Spandex Costume Cosplay 3D Zentai Full Bodysuit Halloween Adult/Kids 3D Style,35.99 
H&ZY Men's Steampunk Vintage Tailcoat Jacket Gothic Victorian Frock Coat Uniform Halloween Costume,25.99 
Frienda 6 Pieces 60s 70s Hippie Costume Accessories Peace Sign Boho Set,22.49 
JURASSIC WORLD TYRANNOSAURUS REX Mask,30.00 
Disguise Minecraft Sword Costume Accessory One Size,14.84 
ReliBeauty Pioneer Girl Dress Colonial Prairie Costume Blue,34.99 
Mythic Renaissance Medieval Irish Costume Over Dress & Cream Chemise Set (XXS/XS Blue Tartan),54.98 
Szytypyl Encanto Mirabel Dress for Girls Printing Halloween Costume Isabela Fancy Outfit,16.99 
US Toy Cowboy Hat White Costume,14.99 
HESTYA 48 Pieces Fake Mustaches Self Adhesive Novelty Fake Beard Mustaches Mexican Fiesta Party Supplies Halloween Christmas Fancy Costume Fake Mustaches Stickers Set for Masquerade Party,8.99 
80s Fancy Dress Costume Accessories Lace Headband Earrings Fishnet Gloves Necklace Bracelet for 80s Retro Party (Style A),12.99 
Mouse Ears Headbands Shiny Bows Mouse Ears Glitter Party Princess Decoration Cosplay Costume for Baby Kids Girls & Women (Big red/pink),8.98 
Toddler Girls Gown Little Princess Girls Dresses Short Ruffles Sleeve Girls Clothes Round Neck Night Costume Dress,13.99 
Scarlet Darkness Women Pirate Renaissance Vest Cosplay Costume Peasant Bodice,14.99 
1920s Flapper Gatsby Costume Accessories Set 20s Flapper Headband Pearl Necklace Gloves Cigarette Holder,9.99 
Couple Masquerade Lace Mask Set Fit for Women & Men Venetian Halloween Masks Specially for Costume Mardi Gras,11.99 
Women's 80's Costumes with Accessories Set Tutu Skirt Earrings Necklace Bracelets Fishnet Gloves Legwarmers Headband All in …,24.99 
Washable Kids Face Mask with Adjustable Ear Loops Reusable for Children Gift,9.79 
Bodysuits for kids Children's holiday costumes and Halloween cosplay costumes,24.97 
48 Pieces Fake Mustaches Self Adhesive Novelty Moustaches Fiesta Masquerade Party Supplies Halloween Costume,6.99 
Luxury Mask – Women’s Stunning Masquerade Lace Mask – Lace Headpiece for Adult – Disguise for Costume Party Cosplay & More,12.99 
BESTOYARD Adult Yacht Boat Ship Sailor Captain Costume Hat Cap Navy Marine Admiral (White) As Shown 22 x 15 x 5 cm,12.99 
Superhero Capes for Kids Dress up Costumes-Satin Cape and Felt Mask with Bracelet,13.96 
Aneco 6 Pack 50s Set Chiffon Scarf Cat Eye Glasses Bandana Tie Headband Earrings,10.99 
Superhero Capes Set and Wristbands Kids Costumes Halloween Christmas Cosplay Dress Up Gift for Boys Girls,16.09 
Women's Bunny Accessory Set Rabbit Ear Headband Collar Bow Tie Costume Cuffs Rabbit Tail for Easter Costume Cosplay Party,14.99 
"MapofBeauty 32"" 80cm Long Hair Spiral Curly Cosplay Costume Wig (Ash Brown)",8.99 
4 Pieces Hippie Costume Set Include Colorful Tie-Dye T-Shirt Peace Sign Necklace Headband and Sunglasses for Theme Parties,19.99 
Kids Girls Isabela Dress Cosplay Costume Julieta Madrigal Princess Dress Skirt Suit for Child,22.99 
Gildan Adult & Youth Reusable 2-Layer Cotton Face Mask (12 & 24 Packs),4.40 
Jostens Child Size Graduation Cap and Gown Package,16.95 
MapofBeauty 40 Inch /100 cm Fashion Straight Long Costume Anime Wig (Black),11.99 
Lace Masquerade Mask ElasticFit for AdultSoft Gentle MaterialSpecially for CostumeThememed Party,6.99 
NiuZaiz Set of 2 Mouse Ears Headbands for Parties and Trips (Black),6.99 
ENTRANCED STYLES Short Blonde Wig 12 Inch Bob Wigs for Women Synthetic Colorful Cosplay Daily Party Blonde Wig with Bangs (#613),20.99 
Astronaut NASA Pilot Costume with Movable Visor Helmet for Kids,37.99 
Vowdicua Isabella Costume for Girls Mirabel Fantastic Summer Dress,29.99 
Halloween Metal Mask Masquerade Mask for Women Venetian Mask Party/Ball Prom/Mardi Gras/Wedding/Wall Decoration…,15.99 
Colored for EyesGifts for Birthday PartyCosplay Con_tact_s,7.99 
Kids Feather Boa 25 Gram 4 Feet Long Chandelle Feather Boa Great Kids Party Halloween Costume Christmas Tree Decoration (Black),5.95 
Libin Women's Cargo Joggers Lightweight Quick Dry Hiking Pants Athletic Workout Lounge Casual Outdoor,32.98 
Cherokee Workwear Revolution Women Scrubs Pant Mid Rise Tapered Leg Drawstring WW105,21.98 
Carhartt Mens Loose Fit Heavyweight Short-sleeve Pocket T-shirt,15.97 
Dickies Men's Original 874 Work Pant,21.01 
Dickies Men's 874 Flex Work Pant,24.98 
SIVVAN Scrubs for Women - Long Sleeve Comfort Underscrub Tee,14.99 
Workwear Revolution Women Scrubs Pant Mid Rise Moderate Flare Drawstring WW120,22.50 
Natural Uniforms Women's Under Scrub Tee Crew Neck Long Sleeve T-Shirt,8.99 
French Toast Boys' Short Sleeve Pique Polo Shirt (Standard & Husky),8.99 
Dagacci Scrubs Medical Uniform Women and Man Scrubs Set Medical Scrubs Top and Pants,17.99 
Med Couture Touch Women's Jogger Yoga Pant,33.94 
Workwear Revolution Women Scrubs Top Mock Wrap WW610,19.98 
GraduationMall Matte Graduation Gown Cap Tassel Set 2022 for High School and Bachelor,24.99 
Workwear Professionals Women Scrubs Pant Mid Rise Straight Leg Pull-on Cargo WW170,19.97 
Carhartt Mens Loose Fit Heavyweight Short-sleeve Pocket T-shirt (Big and Tall),15.99 
Dickies Men's Big-Tall Bib Overall,39.12 
Dickies Men's Skinny-Straight Double Knee Work Pant,24.99 
Workwear Originals Men Scrubs Pant Fly Front Cargo 4000,18.95 
Cherokee Women's V-Neck Top,18.98 
GraduatePro Matte Graduation Gown Cap Tassel Set 2022 for High School & College 12 Colors,19.99 
Carhartt Men's Ripstop Cargo Work Pant,49.98 
LAPG Core Cargo Lightweight Mens Work Pants Cargo Pants for Men Hiking Ripstop Cargo Pants,33.99 
Red Kap Men's Industrial Cargo Pant,24.99 
High Waisted Leggings for Women-Womens Black Seamless Workout Leggings Running Tummy Control Yoga Pants Reg&Plus Size,11.79 
Dickies Women's Signature Elastic Waist Scrubs Pant 86106,13.50 
IUGA Bootcut Yoga Pants with Pockets for Women High Waist Workout Bootleg Pants Tummy Control 4 Pockets Work Pants for Women,19.99 
Cherokee Infinity Women Scrubs Pant Mid Rise Jogger CK110A,27.99 
Dickies Women's Relaxed Fit Straight Leg Cargo Pant,31.90 
Just Love Women's Scrub Sets Six Pocket Medical Scrubs (V-Neck with Cargo Pant),21.24 
Workwear Professionals Men Scrubs Pant Tapered Leg Fly Front Cargo WW190,22.95 
Dickies Men's 13 Inch Loose Fit Multi-Pocket Work Short,19.98 
Dickies Boys' Flexwaist Flat Front Straight Leg Pant,13.29 
Carhartt Mens Loose Fit Heavyweight Long-sleeve Pocket T-shirt (Big and Tall),22.99 
Adar Pro Scrubs for Women - Ultimate Yoga Jogger Scrub Pants,25.49 
Adar Pro Movement Booster Scrub Set for Women - Sweetheart V-Neck Scrub Top & Yoga Jogger Scrub Pants,43.49 
Healing Hands Womens Scrubs Pants 5 Pocket Purple Label 9133 Cargo Tori Women Yoga Pant Lightweight Soft Fabric,29.86 
Dickies Men's Short Sleeve Work Shirt,15.99 
Workwear Professionals Women Scrubs Top V-Neck WW665,18.00 
BARCO ONE - Women's Boost Jogger Scrub Pant w/ 4-Way Stretch Fabric & 3 Pockets,23.97 
Wrangler Riggs Workwear Men's Ranger Pant,34.95 
HeartSoul Break On Through Women Scrubs Pant Low Rise Jogger HS030,25.99 
Skechers for Work 77055 Cankton Athletic Steel Toe work sneaker,56.59 
5.11 Tactical Men's Taclite Pro Lightweight Performance Pants Cargo Pockets Action Waistband Style 74273,40.26 
Cherokee Women's Workwear Elastic Waist Cargo Scrubs Pant,12.77 
Red Kap Men's Industrial Work Shirt Regular Fit Short Sleeve,12.95 
Carhartt Men's Rugged Flex Rigby Dungaree Pant,34.98 
Avia Avi-Union II Strap Non Slip Shoes for Men – Comfort Men's Restaurant Work & Safety Footwear - Medium or Extra Wide,39.98 
Workwear Professionals Men Scrubs Top V-Neck WW695,19.98 
Dickies Men's 874 Big and Tall Flex Work Pant,19.99 
Walls Men's Big Smith Rigid Bib Overall,32.44 
Dickies Men's Regular Straight Stretch Twill Cargo Pant,24.99 
SIVVAN Scrubs for Women - Front Snap Warm - Up Jacket,19.99 
BARCO Grey's Anatomy Women's Kira Jogger Scrub Pant w/ 5 Pockets,30.94 
Med Couture Touch Women’s Chest Pocket Tuck in Top,29.93 
Adar Underscrubs for Women - Long Sleeve Underscrub Comfort Tee,14.99 
FENLERN Steel Toe Shoes Women Lightweight Air Cushion Safety Sneakers Comfortable Slip Resistant Work Sneakers Safety Toe Tennis Shoes Indestructible Shoe,34.90 
Carhartt Men's Big & Tall Force Cotton Short Sleeve T-Shirt Relaxed Fit,21.89 
Adar Pro Modern Athletic Scrub Set for Women - Modern V-Neck Scrub Top & Yoga Jogger Scrub Pants,44.24 
ATG by Wrangler Men's Synthetic Utility Pant,26.99 
French Toast Girls' Short Sleeve Peter Pan Collar Blouse,7.99 
Adar Pro Core Classic Scrub Set for Women - Tailored V-Neck Scrub Top & Tailored Yoga Scrub Pants,29.99 
DUNLOP PROTECTIVE FOOTWEAR 8677504 Chesapeake Boots 100% Waterproof PVC Lightweight and Durable Protective Footwear Size 4,20.04 
Avia Avi-Union II Strap Non Slip Shoes for Men – Comfort Men's Restaurant Work & Safety Footwear - Medium or Extra Wide,39.98 
Adar Pro Modern Athletic Scrub Set for Women - Modern V-Neck Scrub Top & Yoga Jogger Scrub Pants,44.24 
Dickies Men's Relaxed Straight-Fit Cargo Work Pant,34.95 
Workwear Professionals Men Scrubs Top V-Neck WW695,19.98 
"GraduationMall Unisex Adult Plain Graduation Stole Sash 60""",10.99 
Furuian Steel Toe Shoes for Men Lightweight Indestructible Work Sneakers for Women Puncture Proof Comfortable Slip On Safety Shoes for IndustrialCoustruction,51.99 
Loose Fit Heavyweight Long-Sleeve Logo Sleeve Graphic T-Shirt,24.98 
Natural Uniforms Warm Up Scrub Jacket,11.95 
Adar Addition Go-Higher Scrub Set for Women - Notched V-Neck Scrub Top & Skinny Cargo Scrub Pants,34.63 
Red Kap Men's Long Sleeve Twill Action Back Coverall,30.89 
GraduationMall Matte Graduation Cap with 2022 Tassel for High School & Bachelor,12.99 
Cherokee iFlex Women Scrubs Pant Mid Rise Straight Leg Pull-on CK002,30.38 
Adar Addition Go-Basic Scrub Set for Women - Slim V-Neck Scrub Top & Skinny Cargo Scrub Pants,35.18 
Workwear Professionals Men Scrubs Top Tuckable V-Neck WW675,20.98 
Workwear Professionals Men Scrubs Top V-Neck WW695,19.98 
Cherokee Originals Unisex Drawstring Cargo Scrubs Pant,11.34 
NORTIV 8 Men's Military Tactical Work Boots Hiking Motorcycle Combat Boots,45.00 
"Timberland PRO Men's 6"" Pit Boss Steel Toe Industrial Work Boot",91.74 
"WOLVERINE Men's Floorhand 10"" Waterproof Steel-Toe Wellington Boot",64.21 
Dickies Men's Short-Sleeve Coverall,38.39 
Red Kap Men's Stain Resistant Flat Front Work Pants,14.12 
Carhartt Women's Loose Fit Heavyweight Short-Sleeve Pocket T-Shirt (Regular and Plus Sizes),16.99 
Mini Marilyn Scrub Joggers 4-Way Stretch Elastic Waistband Four Pocket Jogger Pants,19.99 
Carhartt Men's Washed Duck Work Dungaree Pant,37.99 
Carhartt Men's Canvas Work Dungaree Pant,33.99 
Dickies Men's Loose-Fit Cargo Work Pant,28.97 
Propper Men's Uniform Tactical Pant,29.02 
Cherokee iflex Women's V-Neck Knit Panel Scrub Top,28.98 
Workwear Core Stretch Women Scrubs Top V-Neck WW630,19.98 
Dickies Men's Relaxed-Fit Utility Pant,17.87 
TOPTIE Unisex Short Sleeve Chef Coat Jacket,13.99 
FIGS Zamora Jogger Style Scrub Pants for Women - Slim Fit Anti-Wrinkle Medical Scrub Pants,58.00 
Carhartt Men's Force Relaxed Fit Midweight Short Sleeve Pocket T-Shirt,21.99 
Carhartt Men's Rugged Flex Rigby Five Pocket Pant,36.99 
Cherokee Women's Flare Leg Drawstring Scrub Pant,11.64 
Reebok Men's Rb4041 Sublite Cushion Safety Toe Athletic Work Industrial & Construction Shoe,96.26 
Adar Pro Breakthrough Plus Scrub Set for Women - Enhanced V-Neck Top & Multi Pocket Pants,42.74 
Dickies EDS Essentials Women Scrubs Top V-Neck DK615,15.98 
Crocs Kids' Classic Glitter Clog,19.97 
Crocs Kids' Crocband Rainbow Band Clog,21.86 
STELLE Girls' Ultra Soft Pro Dance Tight/Ballet Footed Tight (Toddler/Little Kid/Big Kid),7.99 
Hanes Girls' 100% Cotton Tagless Brief Panties Available in 10 and 20 Pack,3.99 
adidas Unisex-Child Goletto VIII Firm Ground Soccer Shoe,24.99 
Stelle Girls Ballet Practice Shoes Yoga Shoes for Dancing,10.09 
Amazon Essentials Unisex Kids and Toddlers' Cotton Low Cut Sock Pack of 14,14.50 
Hanes Little Girls' Jersey Cotton Tee (Pack of 2),4.59 
Turandoss Dainty Layered Choker Necklace Handmade 14K Gold Plated Y Pendant Necklace Multilayer Bar Disc Necklace Adjustable Layering Choker Necklaces for Women,13.99 
M MOOHAM Dainty Layered Initial Necklaces for Women 14K Gold Plated Paperclip Chain Necklace Simple Cute Hexagon Letter Pendant Initial Choker Necklace Gold Layered Necklaces for Women,14.99 
Crocs Unisex-Child Toddler Classic Clog,18.98 
Fruit of the Loom Girls' Cotton Brief Underwear Multipacks,8.19 
Native Shoes Unisex-Child Jefferson Iridescent Sneaker,23.25 
Spotted Zebra Girls and Toddlers' Leggings Multipacks,7.48 
adidas Unisex-Child Grand Court Tennis Shoe,16.27 
nerteo Toddler/Little Kid Boys Girls Shoes Running/Walking Sports Sneakers,22.88 
Under Armour Girls' Softball Pants,34.63 
The Children's Place Girls' Uniform Ruffle Pique Polo,3.44 
Best Friend Bracelets for 2 Matching Yin Yang Adjustable Cord Bracelet for Bff Friendship Relationship Boyfriend Girlfriend Valentines Gift,6.99 
HOBIBEAR Boys Girls Classic Graphic Garden Clogs Slip on Water Shoes,18.69 
LONECONE Rain Boots with Easy-On Handles in Fun Patterns & Solid Colors for Toddlers and Kids,15.99 
Fruit of the Loom Girls' Cotton Hipster Underwear,7.27 
Crocs Kid's Classic Realtree Clog | Camo Shoes,25.99 
Chrishine Life Love Friendship Bracelet Bangle Gold Rose Gold Silver with Cubic Zirconia Stones Stainless Steel Hinged Jewelry with Crystal Oval Bracelet Birthday Present for Her Women Teen Girls,8.15 
LONSOEN Toddler Little Kid Boys Girls Soft Slip On Loafers Dress Flat Shoes,13.99 
Hanes Girls' ComfortSoft EcoSmart Jogger Pants,4.08 
The Children's Place Girls' Leggings,9.88 
Spotted Zebra Girls and Toddlers' Short-Sleeve T-Shirts Multipacks,13.13 
Felix & Flora Toddler Flower Girl Dress Shoes - Girl Ballet Flats Party School Shoes Wedding,16.99 
KUBUA Kids Sneakers for Boys Girls Running Tennis Shoes Lightweight Breathable Sport Athletic,29.99 
UBFEN Water Shoes for Kids Boys Girls Aqua Socks Barefoot Beach Sports Swim Pool Quick Dry Lightweight Toddler Little Big Kid,23.78 
Hollywood Fashion Secrets Fashion Tapes,6.99 
Sunny Fashion Girls Dress Rose Flower Double Bow Tie Party Sundress,12.90 
2Bunnies Girl Peony Lace Back A-Line Straight Tutu Tulle Party Flower Girl,22.97 
Stelle Girls Ballet Dance Students School Footed Tight (Toddler/Little Kid/Big Kid),9.69 
HIITAVE Kids Water Shoes Quick Dry Swim Barefoot Beach Non-Slip Aqua Pool Socks for Boys & Girls Toddler,13.99 
HIITAVE Toddler Shoes Boys Girls Lightweight Breathable Sneakers Washable Strap Athletic Tennis Shoes for Running Walking,17.84 
Gymnastics Leotards for Girls Toddlers Biketards Unicorn Dinosaur Rainbow Mermaid Leopard Donut Galaxy,8.80 
Flexible Polarized Baby Sunglasses with Strap for Toddler Newborn Infant 0-24 Months,12.99 
Linodes Leather Jazz Shoe Slip On for Girls and Boys (Toddler/Little Kid/Big Kid),12.99 
Glamulice Flower Girls Lace Bridesmaid Dress Long A Line Wedding Pageant Dresses Tulle Party Gown,23.70 
Centipede Demon Kids Water Shoes Girls Boys Outdoor Quick Dry Barefoot Aqua Socks for Sport Beach Swim Surf,9.99 
Felix & Flora Toddler Little Girl Dress Shoes - Girl Mary Jane Flats Party School Wedding,12.74 
FEETCITY Baby Boys Girls Water Sport Shoes Barefoot Kids Aqua Socks Quick-Dry Beach Swim Pool Shoes,11.99 
Abaowedding Girls' 3 Hoops Petticoat Full Slip Flower Girl Crinoline Skirt,10.99 
Fruit of the Loom Toddler Girls' Tag-Free Cotton Underwear,5.26 
Simple Joys by Carter's Babies Toddlers and Girls' 6-Piece Snug-Fit Cotton Pajama Set,24.30 
Simple Joys by Carter's Babies Toddlers and Girls' Bike Shorts Pack of 3,15.50 
adidas Unisex-Child Adilette Shower Slides,14.00 
TLIWWF Inspiration Baseball Jersey Number Necklace Stainless Steel Charms Number Pendant for Boys Men,10.99 
Bigib Toddler Kids Swim Water Shoes Quick Dry Non-Slip Water Skin Barefoot Sports Shoes Aqua Socks for Boys Girls Toddler,5.53 
The Hat Depot Kids Washed Low Profile Cotton and Denim Plain Baseball Cap Hat,10.99 
Gacimy Gold Hoop Earrings for Women 14K Gold Plated Hoops with 925 Sterling Silver Post,12.99 
adidas Unisex-Child Lite Racer Adapt 4.0 Running Shoe,19.72 
Duufin 25 Pairs Toddler Ankle Socks Low Cut Kids Half Cushion Socks Low Rise Ankle Socks for Boys and Girls,13.99 
RIVBOS Kids Sunglasses Polarized UV Protection Flexible Rubber Glasses Shades with Strap for Boys Girls RBK004,9.98 
Joycuff Inspirational Bracelets for Women Mom Personalized Gift for Her Engraved Mantra Cuff Bangle Crown Birthday Jewelry,10.47 
adidas Unisex-Child Racer Tr 2.0 Running Shoe,18.45 
bebe Girls’ Sandal – Two Strapped Patent Leatherette Glitter Sandals (Toddler/Little Kid),11.99 
French Toast Girls' Short Sleeve Picot Collar Polo Shirt (Standard & Plus),6.50 
Sunny Fashion Flower Girls Dress Blue Belted Wedding Party Bridesmaid Size 4-12,17.95 
COCOSAND Baby Sunglasses with Strap,16.09 
Hudson Baby Unisex-Baby Cozy Fleece Booties,6.50 
Baby First-Walking Shoes 1-4 Years Kid Shoes Trainers Toddler Infant Boys Girls Soft Sole Non Slip Cotton Canvas Mesh Breathable Lightweight TPR Material Slip-on Sneakers Outdoor,17.99 
Meckior Infant Baby Girls Soft Sole Bowknot Princess Wedding Dress Mary Jane Flats Prewalker Newborn Light Baby Sneaker Shoes,7.99 
Kanu Surf Girls' Daisy Beach Sport 1-Piece Swimsuit,19.99 
Hanes Girls' ComfortSoft Long Sleeve Tee,8.93 
Softones 16Pcs Ankle Bracelets for Women Girls Gold Silver Two Style Chain Beach Anklet Bracelet Jewelry Anklet SetAdjustable Size,11.99 
Silver Hoop Earrings- Cartilage Endless Small Hoop Earrings Set for Women Men Girls 3 Pairs of Hypoallergenic 925 Sterling Silver Tragus Earrings Nose Lip Rings,10.99 
Carter's Unisex-Child Ariella Fashion Boot,9.05 
Resinta 8 Pack Black Dance Shorts Girls Bike Short Breathable and Safety 8 Color,13.99 
Girls Flower Vintage Floral Lace 3/4 Sleeves Floor Length Dress Wedding Party Evening Formal Pegeant Dance Gown,12.69 
Kids Child Soccer Socks Stripes Knee High Tube Socks Cotton Uniform Sports Socks for Toddler Boys Girls,5.99 
Jewlpire 925 Sterling Silver Chain for Women Girls 0.8mm Box Chain Lobster Claw Clasp - Italian Necklace Chain - Super Thin & Strong - Friendly Price & Quality 16/18/20/22/24 Inch,11.04 
Century Star Ultra-Soft Footed Dance Sockings Ballet Tights Kids Super Elasticity School Uniform Tights For Girls,7.99 
Fruit of the Loom Girls' Undershirts (Camis & Tanks),8.99 
WOUEOI Kid's Cute Garden Shoes Cartoon Slides Sandals Clogs Beach Slipper Children,12.99 
"C9 Champion Girls' 2"" Woven Running Shorts",6.89 
1-6 Pairs Gold Chunky Hoop Earrings Set for Women Hypoallergenic Thick Open Twisted Huggie Hoop Jewelry for Birthday/Christmas Gifts,6.99 
brooman Kids Firm Ground Soccer Cleats Boys Girls Athletic Outdoor Football Shoes,39.99 
Baby Sandal Tassels Summer Infant Toddler Slipper Shoes 0-2 Years,14.99 
FEEL STYLE Mens Cuban Link Chain Gold Silver Plated Bling Miami Cuban Necklace Diamond Chain for Men13MM Iced Out Hip Hop Jewelry,12.77 
Fruit of the Loom Girls' Cotton Bikini Underwear Multipacks,7.70 
2Bunnies Girl Vintage Lace Boho Party Princess Flower Girl Dress,16.99 
Cocadant 3 Pairs Big Hoop EarringsStainless Steel Hoop Earrings 14K Gold Plated Rose Gold Plated Silver for Women Girls Sensitive Ears(3 Colors Set),8.49 
Simple Joys by Carter's Toddlers and Baby Girls' Short-Sleeve and Sleeveless Dress Sets Pack of 2,18.50 
Layered Choker Necklaces for Women 14K Gold Plated Dainty Layering Paperclip Chain Necklace Simple Adjustable Initial Coin Pendant Necklaces Layered Gold Chain Necklaces for Women Jewelry Gifts,14.99 
Weestep Toddler Little Kid Boys and Girls Slip On Sneakers,12.99 
Crocs Unisex-Child Kids' Classic Clog | Girls and Boy Shoes,24.50 
PANDANINJIA Girls Toddler/Little Kid Jada Dress Mary Jane Pumps with Heels Bow Party Wedding Princess Shoes,24.99 
Lilax Little Girls' Knit Long Sleeve Button Closure Bolero Cardigan Shrug,15.99 
Me&Hz Colorful Layered Tassel Earrings Bohemian Tiered Tassel Druzy Stud Dangle Drop Earrings for Women Teen Girls Birthday Christmas Valentines Day Gift,12.99 
Afibi Casual Mini Stretch Waist Flared Plain Pleated Skater Skirt,8.99 
GORLYA Girl's Flutter Sleeve Stretchy A-Line Swing Flared Skater Party Dress with Pockets for 4-12 Years Kids,16.99 
SANGTREE Girls & Women's Cargo Jogger Pants 3 Years - Women 2XL,10.99 
Hoop Earrings for Women Girls Stainless Steel Hypoallergenic Geometric Hoops Women's Earrings Loop Earrings Set,9.99 
Cubic Zirconia Hypoallergenic Stud Earrings for Women Men Girls Statement Cartilage Fashion Surgical Steel Helix Earrings 5 Pairs,12.99 
K KomForme Toddler Boys & Girls Shoes Kids Canvas Sneakers with Cartoon Dual Hook and Loops,9.99 
Gold Bead Bracelet for Women14K Gold Plated Bead Ball Bracelet Stretchable Elastic Bracelet,11.04 
HOBIBEAR Boys Girls Sport Water Sandals Closed-Toe Outdoor(Toddler/Little Kid/Big Kid),18.69 
MAGCOMSEN Men's Polo Shirt Quick Dry Performance Long and Short Sleeve Tactical Shirts Pique Jersey Golf Shirt,19.98 
THE GYM PEOPLE Thick High Waist Yoga Pants with Pockets Tummy Control Workout Running Yoga Leggings for Women,22.99 
Fruit of the Loom Women's Front Closure Cotton Bra Multipack,6.87 
CHAMPRO Multi-Sport Athletic Compression Socks for Baseball Softball Football and More,3.25 
adidas Men's Basic Badge Of Sport Tee,9.93 
5 Pack: Men’s Dry-Fit Moisture Wicking Active Athletic Performance Crew T-Shirt,32.99 
Hanes Women's Slub Jersey Hoodie,11.98 
Champion Men's Everyday Cotton Closed Bottom Pant,14.89 
Leggings Depot Women's Printed Solid Activewear Jogger Track Cuff Sweatpants,11.99 
Under Armour Women's Fly By 2.0 Running Shorts,6.99 
Russell Athletic Men's Cotton Performance Short Sleeve T-Shirt,4.99 
Sunzel Workout Leggings for Women Squat Proof High Waisted Yoga Pants 4 Way Stretch Buttery Soft,12.75 
STELLE Girls' Ultra Soft Pro Dance Tight/Ballet Footed Tight (Toddler/Little Kid/Big Kid),7.99 
AUROLA Workout Shorts for Women Seamless Scrunch Short Gym Yoga Intensify Running Sport Active Exercise Fitness Shorts,30.99 
Hanes Women's French Terry Bermuda Pocket Short,9.87 
Pleated Tennis Skirts for Women with Pockets Shorts Athletic Golf Skorts Activewear Running Workout Sports Skirt,20.99 
Women’s Longline Sports Bra Wirefree Padded Medium Support Yoga Bras Gym Running Workout Tank Tops,21.99 
Hanes Men's Long Sleeve Cool Dri T-Shirt UPF 50+ (Pack of 2),17.33 
Dragon Fit High Waist Yoga Leggings with 3 PocketsTummy Control Workout Running 4 Way Stretch Yoga Pants,22.98 
5 Pack:Men's Dry-Fit Sweat Resistant Active Athletic Performance Shorts,34.99 
Under Armour Boys' Little Baseball Pant,19.99 
Saucony Men's Multi-Pack Mesh Ventilating Comfort Fit Performance No-Show Socks,13.99 
CQR Men's Tactical Pants Water Resistant Ripstop Cargo Pants Lightweight EDC Hiking Work Pants Outdoor Apparel,33.98 
Amazon Essentials Men's Performance Tech Loose-Fit Shorts Pack of 2,15.46 
Fruit of the Loom Women's Spaghetti Strap Cotton Pullover Sports Bra,5.03 
PUMA Women's 6 Pack Runner Socks,6.76 
Under Armour Men's Tech Graphic Shorts,17.76 
Flexfit Men's Athletic Baseball Fitted Cap,8.99 
luogongzi 2 in 1 Flowy Running Shorts for Women Gym Yoga Athletic Womens Workout Biker Spandex Lounge Sweat Skirt Summer,14.00 
PAPLUS Ankle Compression Sock for Men and Women 2/4/6 Pairs Low Cut Compression Running Sock with Ankle Support,11.99 
Colorfulkoala Women's High Waisted Yoga Pants 7/8 Length Leggings with Pockets,25.00 
ALWAYS Women Workout Yoga Shorts - Premium Buttery Soft Solid Stretch Cheerleader Running Dance Volleyball Short Pants,12.95 
Hanes Women's Jersey Pocket Short with Outside Drawcord,9.79 
"Blooming Jelly Women's Quick-Dry Running Shorts Workout Sport Layer Active Shorts with Pockets 1.75""",19.19 
Hanes Men's Essentials Short Sleeve T-shirt Value Pack (4-pack),9.97 
Under Armour Boys' Utility Relaxed Baseball Pants,25.00 
RUNNING GIRL Sports Bra for Women Criss-Cross Back Padded Strappy Sports Bras Medium Support Yoga Bra with Removable Cups,16.99 
"BALEAF Women's 8""/ 7""/ 5"" High Waist Biker Shorts Workout Yoga Running Gym Compression Spandex Shorts Side Pockets",16.14 
Lemedy Women Padded Sports Bra Fitness Workout Running Shirts Yoga Tank Top,16.14 
Colosseum Active Women's Simone Cotton Blend Yoga and Running Shorts,9.99 
YEOREO Women High Waist Workout Yoga Gym Smile Contour Seamless Cycling Shorts,13.59 
HeyNuts Essential 7/8 Leggings Buttery Soft Pants Hawthorn Athletic Yoga Pants 25'',20.99 
Champion Men's Classic Jersey Tee,8.50 
BMJL Women's Running Shorts Elastic High Waisted Shorts Pocket Sporty Workout Shorts Quick Dry Athletic Shorts Pants,20.99 
Amazon Essentials Men's Regular-Fit Quick-Dry Golf Polo Shirt,4.98 
Libin Women's Cargo Joggers Lightweight Quick Dry Hiking Pants Athletic Workout Lounge Casual Outdoor,32.98 
Fruit of the Loom Women's Built Up Tank Style Sports Bra,7.80 
Fuinloth Balaclava Face Mask Summer Cooling Neck Gaiter UV Protector Motorcycle Ski Scarf for Men/Women,6.99 
TOPYOGAS Women's Casual Bootleg Yoga Pants V Crossover High Waisted Flare Workout Pants Leggings,15.30 
Hanes Men's Jersey Pocket Short,9.99 
"SUUKSESS Women Cross Workout Shorts with Pockets 5"" High Waist Booty Biker Short",16.95 
Carhartt Men's Knit Cuffed Beanie,16.50 
icyzone Workout Tank Tops for Women - Racerback Athletic Yoga Tops Running Exercise Gym Shirts(Pack of 3),21.99 
Hanes Women's 10-Pair Value Pack Low Cut Socks,10.99 
Colorfulkoala Women's Buttery Soft High Waisted Yoga Pants Full-Length Leggings,22.99 
Gold Toe Men's 656s Cotton Crew Athletic Socks Multipairs,16.90 
MISSKY Women Stripe Pocket Knee Length Slim Casual Pullover Hoodie Dress,18.88 
SUUKSESS Women Scrunch Butt Lifting Seamless Leggings Booty High Waisted Workout Yoga Pants,23.95 
Women's Zip Front Sports Bra Wireless Post-Surgery Bra Active Yoga Sports Bras,17.99 
MIRITY Women Racerback Sports Bras - High Impact Workout Gym Activewear Bra,14.99 
TCK mens Soccer Baseball Football,3.99 
YEOREO Scrunch Butt Lift Leggings for Women Workout Yoga Pants Ruched Booty High Waist Seamless Leggings Compression Tights,21.24 
CS CELERSPORT 2 Pack / 3 Pack Soccer Softball Baseball Socks for Youth Kids Adult Over-The-Calf Multi-Sport Socks Cushioned,11.95 
3 Pack Copper Compression Socks - Compression Socks Women & Men Circulation - Best for MedicalRunningAthletic,9.79 
CAMPSNAIL 4 Pack High Waisted Leggings for Women- Soft Tummy Control Slimming Yoga Pants for Workout Running Reg & Plus Size,25.49 
Dragon Fit High Waist Yoga Shorts for Women with 2 Side Pockets Tummy Control Running Home Workout Shorts,18.98 
ARRIVE GUIDE Crop Top Athletic Shirts for Women Cute Sleeveless Yoga Tops Running Gym Workout Shirts,19.98 
OQQ Women's 3 Piece Yoga Shorts Ribbed Seamless Workout High Waist Athletic Leggings,22.99 
OMKAGI Women Scrunch Butt Lifting Leggings Seamless High Waisted Workout Yoga Pants,20.98 
adidas mens Athletic Cushioned Crew Socks (6-pair),14.97 
"Champion Men's 10"" Core Training Short",11.98 
CelerSport Ankle Athletic Running Socks Low Cut Sports Tab Socks for Men and Women (6 Pairs),14.95 
"ODODOS Women's Cross Waist Yoga Leggings with Inner Pocket Sports Gym Workout Running Pants -Inseam 25"" /28""",20.98 
YOUNGCHARM 4 Pack Leggings with Pockets for WomenHigh Waist Tummy Control Workout Yoga Pants,40.79 
JUST MY SIZE Plus Size Slub-Cotton Full-Zip Lightweight Women's Hoodie,12.00 
Amazon Essentials Men's Slim-Fit Quick-Dry Golf Polo Shirt,14.00 
Jerzees Men's SpotShield Stain Resistant Polo Shirts (Short & Long Sleeve),8.33 
"Sunzel 8"" / 5"" / 3"" Biker Shorts for Women with Pockets High Waisted Yoga Workout Shorts",11.99 
4 Pack: Men's Dry-Fit Moisture Wicking Performance Long Sleeve T-Shirt UV Sun Protection Outdoor Active Athletic Crew Top,32.99 
THE GYM PEOPLE Womens High Waisted Running Shorts Quick Dry Athletic Workout Shorts with Mesh Liner Zipper Pockets,19.99 
THE GYM PEOPLE High Waist Yoga Shorts for Women's Tummy Control Fitness Athletic Workout Running Shorts with Deep Pockets,17.99 
Balega Hidden Comfort No-Show Running Socks for Men and Women (1 Pair),10.44 
Amazon Essentials Men's Slim-Fit Stretch Golf Pant,32.80 
Evercute Cross Back Sport Bras Padded Strappy Criss Cross Cropped Bras for Yoga Workout Fitness Low Impact,25.99 
Boao 4 Pieces Basic Crop Tank Tops Sleeveless Racerback Crop Sport Top for Women,20.99 
Southpole Men's Basic Active Fleece Jogger Pants-Regular and Big & Tall Sizes,5.31 
FAFOFA Workout Outfits for Women 2 Piece Ribbed Seamless Crop Tank High Waist Yoga Leggings Sets,29.99 
Hanes Women's Seamless Racerback Sports Bra,7.29 
"Champion Men's 9"" Mesh Short C Logo",14.90 
FAFOFA Workout Sets for Women 2 Piece Seamless Ribbed Crop Tank High Waist Shorts Yoga Outfits,26.99 
PUMA Men's 8 Pack Low Cut Socks,10.68 
CHRLEISURE Butt Lifting Workout Leggings for Women Scrunch Butt Gym Seamless Booty Tight,16.99 
BALEAF Women's Long Sleeve Shirts UPF 50+ Sun Protection SPF Quick Dry Lightweight T-Shirt Outdoor Hiking Runing Fishing,18.99 
Compression Socks Women & Men with Foot Massage Pad and Arch Support,13.38 
Graduated Medical Compression Socks for Women&Men 20-30mmhg Knee High Sock,9.98 
RUNNING GIRL Strappy Sports Bra for Women Sexy Crisscross Back Medium Support Yoga Bra with Removable Cups,15.99 
Fruit of the Loom Boys' Cotton White T Shirt,9.21 
Hanes Boys' ComfortSoft Waistband Boxer Briefs 10-Pack (Assorted/Colors May Vary),12.98 
Under Armour Unisex-Child Leadoff Low Rm Jr. Baseball Shoe,29.75 
Stelle Girls Ballet Practice Shoes Yoga Shoes for Dancing,10.09 
adidas Unisex-Child Goletto VIII Firm Ground Soccer Shoe,24.99 
French Toast Boys' Short Sleeve Pique Polo Shirt (Standard & Husky),8.99 
Crocs Unisex-Child Toddler Classic Clog,18.98 
Calvin Klein Boys' Long Sleeve Sateen Dress Shirt Style with Buttoned Cuffs & Shirttail Hem,20.00 
Under Armour Boys' Baseball Belt,12.99 
adidas Unisex-Child Grand Court Tennis Shoe,16.27 
Hanes Boys' Breathable Tagless Boxer Brief 6-Pack,14.00 
Under Armour Boys' Little Baseball Pant,19.99 
Native Shoes Unisex-Child Jefferson Iridescent Sneaker,23.25 
The Children's Place Boys' Pull on Cargo Shorts,8.85 
Under Armour Boys' Utility Relaxed Baseball Pants,25.00 
Fruit of the Loom Boys' Tag Free Cotton Boxer Briefs,9.38 
The Children's Place boys Short Sleeve Pique Polo,6.99 
The Children's Place Boys' Uniform Chino Pants,8.31 
Amazon Essentials Unisex Kids and Toddlers' Cotton Low Cut Sock Pack of 14,14.50 
French Toast Boys' Long Sleeve Classic Dress Shirt (Standard & Husky),8.99 
UBFEN Water Shoes for Kids Boys Girls Aqua Socks Barefoot Beach Sports Swim Pool Quick Dry Lightweight Toddler Little Big Kid,23.78 
FEETCITY Baby Boys Girls Water Sport Shoes Barefoot Kids Aqua Socks Quick-Dry Beach Swim Pool Shoes,11.99 
Amazon Essentials Unisex Kids and Toddlers' Cotton Crew Sock Pack of 10,10.70 
VAENAIT BABY Viscose 12M~12Y Toddler Kids Girls Boys Short Soft Shirring Cool Summer Pjs Sleepwear Pajamas 2pcs Set,15.99 
HOBIBEAR Boys Girls Classic Graphic Garden Clogs Slip on Water Shoes,18.69 
Gildan Youth Hooded Sweatshirt Style G18500B,12.97 
Under Armour Boys' Utility Relaxed Pants,22.95 
adidas Boy's Parma 16 Shorts,12.00 
Real Essentials Boys' 5-Pack Mesh Active Athletic Performance Basketball Shorts with Pockets,32.99 
Jewlpire Diamond Cut Miami Mens Cuban Link Chain Necklace Gold Chain | Silver Chain for Men Boys Women Hip-Hop & Cool Style 316L Stainless Steel/18K Gold Plated 4/6/10mm 18/20/22/24/26/30 Inch,11.99 
Trendsmax Initial A-Z Letter Pendant Necklace Mens Womens Capital Letter Yellow Gold Plated Stainless Steel Box Chain 22inch,11.04 
MEVECCO Layered Heart Necklace Pendant Handmade 18k Gold Plated Dainty Gold Choker Arrow Bar Layering Long Necklace for Women,12.95 
The Children's Place Boys' Basic Bootcut Jeans,12.08 
Columbia Boys Glennaker Rain Jacket,16.20 
French Toast Boys' Adjustable Waist Relaxed Fit Pant (Standard & Husky),13.99 
maamgic Boys Swim Trunks Toddler Swim Shorts Little Boys Bathing Suit Swimsuit Toddler Boy Swimwear,12.99 
IZOD Boys' Long Sleeve Solid Button-Down Collared Oxford Shirt with Chest Pocket,22.00 
LONECONE Rain Boots with Easy-On Handles in Fun Patterns & Solid Colors for Toddlers and Kids,15.99 
Fruit of the Loom Boys' Tag Free Cotton Briefs (Assorted Colors),5.99 
HIITAVE Kids Water Shoes Quick Dry Swim Barefoot Beach Non-Slip Aqua Pool Socks for Boys & Girls Toddler,13.99 
Centipede Demon Kids Water Shoes Girls Boys Outdoor Quick Dry Barefoot Aqua Socks for Sport Beach Swim Surf,9.99 
Fruit of the Loom Boys' Cotton Tank Top Undershirt (Multipack),7.46 
The Children's Place Boys' Long Sleeve Oxford Shirt,8.30 
French Toast Boys' Short Sleeve Crewneck Tee,3.80 
The Children's Place Single and Toddler Boys Short Sleeve Oxford Button Down Shirt,10.47 
The Children's Place Baby Toddler Boys Short Sleeve Pique Polo,6.00 
Fruit of the Loom Boys' Half Cushion Ankle Socks (10 Pack),12.49 
Kanu Surf Boys' Short Sleeve UPF 50+ Rashguard Swim Shirt,18.99 
HIITAVE Toddler Shoes Boys Girls Lightweight Breathable Sneakers Washable Strap Athletic Tennis Shoes for Running Walking,17.84 
The Children's Place Boys' Pull on Cargo Pants,6.04 
Bigib Toddler Kids Swim Water Shoes Quick Dry Non-Slip Water Skin Barefoot Sports Shoes Aqua Socks for Boys Girls Toddler,5.53 
HALO Sleepsack 100% Cotton Wearable Blanket TOG 0.5 Baby Blue Large,24.98 
Linodes Leather Jazz Shoe Slip On for Girls and Boys (Toddler/Little Kid/Big Kid),12.99 
adidas Unisex-Child Adilette Shower Slides,14.00 
Best Friend Bracelets for 2 Matching Yin Yang Adjustable Cord Bracelet for Bff Friendship Relationship Boyfriend Girlfriend Valentines Gift,6.99 
Gioberti Boy's Formal Suit Set,34.99 
nerteo Toddler/Little Kid Boys Girls Shoes Running/Walking Sports Sneakers,22.88 
Crocs Kid's Classic Realtree Clog | Camo Shoes,25.99 
Spiderman Boys' Underwear Multipacks,9.89 
SwimZip Kid's Sun Hat - Wide Brim UPF 50+ Protection Hat for Baby Toddler Kids,19.99 
Hanes Boys Jersey Short (Pack of 2),8.00 
Hanes Boys' White Crew T-Shirt Undershirts 5-Pack,8.72 
KUBUA Kids Sneakers for Boys Girls Running Tennis Shoes Lightweight Breathable Sport Athletic,29.99 
RIVBOS Kids Sunglasses Polarized UV Protection Flexible Rubber Glasses Shades with Strap for Boys Girls RBK004,9.98 
Hudson Baby Unisex-Baby Cozy Fleece Booties,6.50 
Crocs Unisex-Child Kids' Classic Clog | Girls and Boy Shoes,24.50 
Baby Sandal Tassels Summer Infant Toddler Slipper Shoes 0-2 Years,14.99 
RUGGEDBUTTS® Baby/Toddler Boys Swim Trunks w/Adjustable Waist,25.99 
Gildan Youth Heavy Cotton T-Shirt Style G5000B 2-Pack,6.99 
Hey Dude Boy's Wally Youth Multiple Colors | Boy’s Shoes | Boy's Lace Up Loafers | Comfortable & Light-Weight,44.00 
HOBIBEAR Boys Girls Sport Water Sandals Closed-Toe Outdoor(Toddler/Little Kid/Big Kid),18.69 
FEEL STYLE Mens Cuban Link Chain Gold Silver Plated Bling Miami Cuban Necklace Diamond Chain for Men13MM Iced Out Hip Hop Jewelry,12.77 
Hanes Boys' White Tanks 5-Pack,8.54 
Marvel Avengers Boys Character Athletic T-Shirt & Mesh Shorts Set,14.99 
Under Armour Boys' Performance Golf Polo,24.00 
French Toast Boys' Short Sleeve Poplin Dress Shirt,10.95 
Simple Joys by Carter's Toddlers and Baby Boys' Fleece Full-Zip Hoodies Pack of 2,13.40 
Dickies Boys' Flexwaist Flat Front Straight Leg Pant,13.29 
INGEAR Little Boys Quick Dry Beach Board Shorts Kids Swim Trunk Swimsuit Beach Shorts Swim Trunk for Boys,9.99 
adidas Kids-Boy's/Girl's Cushioned Angle Stripe Crew Socks (6-pair),9.99 
Meckior Infant Baby Girls Soft Sole Bowknot Princess Wedding Dress Mary Jane Flats Prewalker Newborn Light Baby Sneaker Shoes,7.99 
Champion Boys Sweatpant Heritage Collection Slim Fit Brushed Fleece Big and Little Boys Kids,16.99 
Gacimy Gold Hoop Earrings for Women 14K Gold Plated Hoops with 925 Sterling Silver Post,12.99 
Columbia Boys' Steens Mountain Ii Fleece,17.62 
Joycuff Inspirational Bracelets for Women Mom Personalized Gift for Her Engraved Mantra Cuff Bangle Crown Birthday Jewelry,10.47 
Dockers Boys' Reversible Dress and Casual Belts,11.24 
ChainsPro Men Chunky Miami Cuban Chain Necklace Custom Available 6/9/14mm Width 18/20/22/24/26/28/30inch Length Gold Plated/Stainless Steel/Black-with Gift Box,10.29 
brooman Kids Firm Ground Soccer Cleats Boys Girls Athletic Outdoor Football Shoes,39.99 
adidas Unisex-Child Racer Tr 2.0 Running Shoe,18.45 
WOUEOI Kid's Cute Garden Shoes Cartoon Slides Sandals Clogs Beach Slipper Children,12.99 
Fruit of the Loom boys Half Cushion Socks,5.38 
Weestep Toddler Little Kid Boys and Girls Slip On Sneakers,12.99 
Champion Kids Boys and Girls Clothes Sweatshirts Youth Heritage Fleece Pull On Hoody Sweatshirt with Hood,17.50 
Fruit of the Loom Boy's Fleece Sweatshirts Hoodies Sweatpants & Joggers,6.40 
The Children's Place Boys' Stretch Skinny Chino Pants,11.03 
Outee Toddler Kids Adorable Lightwight Waterproof Rain Boots Light Up by Steps,16.99 
SY COMPACT Travel Umbrella Windproof Automatic Umbrellas-Factory Outlet umbrella,11.99 
Rockland Fashion Softside Upright Luggage Set Black 2-Piece (14/19),41.41 
Passport and Vaccine Card Holder Combo - HOTCOOL Leather RFID Blocking Wallet with Elastic Strap Travel Cover Case for Passport with USA CDC Vaccination Card Slot with Pen Coconut Trees,11.89 
Clear Toiletry Bag Packism 3 Pack TSA Approved Toiletry Bag Quart Size Bag Travel Makeup Cosmetic Bag for Women Men Carry on Airport Airline Compliant Bag,10.99 
Relavel Travel Makeup Train Case Makeup Cosmetic Case Organizer Portable Artist Storage Bag with Adjustable Dividers for Cosmetics Makeup Brushes Toiletry Jewelry Digital Accessories Black,19.98 
Gemice Travel Bottles for Toiletries Tsa Approved Travel Size Containers BPA Free Leak Proof Travel Tubs Refillable Liquid Travel Accessories for Cometic Shampoo and Lotion Soap,10.99 
"Kenneth Cole Reaction Out Of Bounds 2-Piece Lightweight Hardside 4-Wheel Spinner Luggage Set: 20"" Carry-On & 28"" Checked Suitcase",79.97 
REVLON Oil-Absorbing Volcanic Face Roller Reusable Facial Skincare Tool for At-Home or On-the-Go Mini Massage,9.83 
Repel Umbrella Windproof Travel Umbrella - Wind Resistant Small - Compact Light Automatic Strong Steel Shaft Mini Folding and Portable - Backpack Car Purse Umbrellas for Rain - Men and Women,19.50 
Portable Mini Refillable Perfume Atomizer Bottle，Atomizer Perfume BottleRefillable Perfume Spray Scent Pump Case Perfume Atomizer Refillable Travel 4 Pcs Pack of 5ml,8.99 
Continuous Spray Bottle Hair Water Ultra Fine Mister Sprayer Propellant Free for Hairstyling Cleaning Gardening Misting & Skin Care BPA Free (5 Ounce Black),6.99 
Master Lock 646D Set Your Own Combination Luggage Lock 13/16 in. Wide with 11/16 in. Long Shackle Black,3.95 
Relavel Travel Makeup Train Case Makeup Cosmetic Case Organizer Portable Artist Storage Bag with Adjustable Dividers for Cosmetics Makeup Brushes Toiletry Jewelry Digital Accessories Black,19.98 
Travelambo Leather Luggage Bag Case Tags,4.99 
Beautify Beauties Hair Spray Bottle – Ultra Fine Continuous Water Mister for Hairstyling Cleaning Plants Misting & Skin Care (5 Ounce),7.99 
BAGAIL 8 Set Packing Cubes Luggage Packing Organizers for Travel Accessories,22.99 
Toiletry Bag for Men BAGSMART Travel Toiletry Organizer Dopp Kit Water-resistant Shaving Bag for Toiletries Accessories Black,19.99 
Amazon Basics 2-Piece Set Hardside Spinner Black,76.86 
Umbrella Windproof Travel Umbrella Compact Folding Reverse UmbrellaLANBRELLA,19.99 
Portable Travel Bottles INSFIT TSA Carry On Approved Toiletries Containers 1.7 Ounce Leak Proof Squeezable Silicone Tubes Refillable Travel Accessories for Shampoo Body Wash Liquids 4 Pack Bunny style,10.99 
Empty Spray Bottle -5.4oz/160ml Hair Spray Bottle Mist Sprayer Fine Plant Mist Spray Bottle Fine Continuous Spray Water Bottle for Hair Styling Plants Cleaning Misting & Skin Care (5 Ounce Clear),5.94 
Veken 6 Set Packing Cubes Travel Luggage Organizers with Laundry Bag & Shoe Bag (Black),21.99 
Nalgene Wide Mouth Water Bottle,7.05 
Narwey For Spirit Airlines Foldable Travel Duffel Bag Tote Carry on Luggage Sport Duffle Weekender Overnight for Women and Girls (1112 Dark Blue),11.99 
Rockland Melbourne Hardside Expandable Spinner Wheel Luggage Black 2-Piece Set (20/28),58.07 
16 Pack Travel Bottles Set for Toiletries Morfone TSA Approved Travel Containers Leak Proof Silicone Squeezable Travel Accessories 2oz 3oz for Shampoo Conditioner Lotion Body Wash ( BPA Free ),14.99 
Wide Shoulder Strap Adjustable Replacement Belt Crossbody Canvas Bag Handbag,10.99 
Travel Duffel Bag Sports Tote Gym Bag Shoulder Weekender Overnight Bag for Women,26.99 
BAGAIL 4 Set/5 Set/6 Set Compression Packing Cubes Travel Expandable Packing Organizers,24.99 
Travelers Club Midtown Hardside 4-Piece Luggage Travel Set Black,129.99 
TIGARI Passport and Vaccine Card Holder Combo PU Leather Passport Holder with Vaccine Card Slot Slim Passport Cover Passport Wallet with Vaccine Card Protector Travel Gifts for Women Men,7.99 
BAGSMART Toiletry Bag Travel Bag with Hanging Hook Water-resistant Makeup Cosmetic Bag Travel Organizer for Accessories Shampoo Full Sized Container Toiletries,22.99 
ACdream Passport and Vaccine Card Holder Combo Cover Case with CDC Vaccination Card Slot Leather Travel Documents Organizer Protector with RFID Blocking for Women and Men Rose Gold,10.99 
Matein Travel Laptop Backpack Business Anti Theft Slim Durable Laptops Backpack with USB Charging Port Water Resistant College School Computer Bag Gifts for Men & Women Fits 15.6 Inch Notebook Grey,29.99 
WATERFLY Crossbody Sling Backpack Sling Bag Travel Hiking Chest Bag Daypack,23.99 
Etekcity Luggage Scale Digital Portable Handheld Suitcase Weight for Travel with Rubber Paint Temperature Sensor 110 Pounds Battery Included,10.99 
COOLIFE Luggage 3 Piece Set Suitcase Spinner Hardshell Lightweight TSA Lock 4 Piece Set,189.99 
Simple Houseware 43-Inch Heavy Duty Garment Bag w/Pocket for Dresses Coats,15.97 
adidas Alliance II Sackpack Black One Size,14.00 
SwissGear Sion Softside Luggage with Spinner Wheels Black 3 Piece Set (21/25/29),89.81 
WALNEW RFID Passport Holder Cover Traveling Passport Case,7.99 
BAGAIL Clear bags Stadium Approved Clear Tote Bag with Zipper Closure Crossbody Messenger Shoulder Bag with Adjustable Strap,12.99 
Silicone Luggage Tag With Name ID Card Perfect to Quickly Spot Luggage Suitcase,7.99 
Doulove Passport and Vaccine Card Holder Combo Upgraded Boho Passport Holder with Vaccine Card Slot Pu Leather Passport Cover Case for Women Men Flamingos,5.99 
Samsonite Omni PC Hardside Expandable Luggage with Spinner Wheels Black 2-Piece Set (20/24),135.21 
BAGAIL 6 Set Packing Cubes3 Various Sizes Travel Luggage Packing Organizers,19.99 
ZORFIN Fanny Packs for Women Men Fashion Waist Pack Belt Bag with Adjustable Strap for Outdoors Workout Traveling Casual Running Hiking Cycling (black),20.99 
OEE Luggage Packing Organizers Packing Cubes Set for Travel,16.99 
Lenovo Laptop Shoulder Bag T210 15.6-Inch Laptop or Tablet Sleek Durable and Water-Repellent Fabric Lightweight Toploader Business Casual or School GX40Q17229 Black,13.99 
Venture Pal 40L Lightweight Packable Travel Hiking Backpack Daypack,27.49 
Hanging Travel Toiletry Bag Cosmetic Make up Organizer for Women and Men (Large A-Purple),17.99 
"Coolife Luggage Expandable(only 28"") Suitcase PC+ABS Spinner Built-In TSA lock 20in 24in 28in Carry on",89.99 
Teskyer Luggage Tags 3 Pack Premium PU Leahter Luggage Tags Privacy Protection Travel Bag Labels Suitcase Tags,9.98 
Master Lock 4688D Accepted Set Your Own Combination TSA Approved Luggage Lock 1 Pack Black,7.95 
"STROMBERGBRAND UMBRELLAS Spectrum Popular Style 15"" Automatic Open Umbrella Light Weight Travel Folding Umbrella for Men and Women (Black)",8.52 
adidas Defender 4 Small Duffel Bag Black/Gold Metallic One Size,26.25 
"MISSLO 43"" Gusseted Travel Garment Bag with Accessories Zipper Pocket Breathable Suit Garment Cover for Shirts Dresses Coats Black",14.99 
MKPCW Makeup Bags Double layer Travel Cosmetic Cases Make up Organizer Toiletry Bags (Black),13.58 
Rockland Rolling Duffel Bag Black 22-Inch,19.99 
Clear Mini Backpack Stadium Approved Waterproof Transparent Backpack for Work & Sport Event… (black),17.99 
Makeup bag Cosmetic Bag Organizer 2PACK Small Makeup Pouch for Purse for Women Girls Gift (Blue + Geometric White) Gift for Mother Teacher,13.99 
20 Pack Travel Bottles 3oz 2oz Leak Proof Travel Accessories ToiletriesTravel Shampoo And Conditioner BottlesPerfect for Business or Personal Travel Fun Outdoors Silicone 20 Pieces,11.99 
American Tourister Stratum XLT Expandable Hardside Luggage with Spinner Wheels Blue Spruce 3-Piece Set (20/24/28),71.75 
Glass Spray Bottle Bontip Amber Glass Spray Bottle Set & Accessories for Non-toxic Window Cleaners Aromatherapy Facial hydration Watering Flowers Hair Care (2 Pack/16oz) (Amber),9.99 
TSA Approved Cable Luggage Locks Re-settable Combination with Alloy Body,7.95 
"Ultimate Gym Bag 2.0: The Durable Crowdsource Designed Duffel Bag with 10 Optimal Compartments Including Water Resistant Pouch (Black Small (15""))",25.99 
Travel Laptop Backpack Water Resistant Anti-Theft Bag with USB Charging Port and Lock 14/15.6 Inch Computer Business Backpacks for Women Men College School Student GiftBookbag Casual Hiking Daypack,23.75 
Empty Amber Glass Spray Bottles with Labels - 16oz Bottle for Essential Oils Gardening Cleaning Solutions Pets Plants  and Hair Misting - Durable Trigger Sprayer with Mist and Stream Option,19.98 
Canway 65L Travel Duffel Bag Foldable Weekender Bag with Shoes Compartment for Men Women Water-proof & Tear Resistant,29.99 
Mini Refillable Perfume Portable Atomizer Bottle Refillable Perfume Spray Refill Pump Case for Traveling and Outgoing (5ml 4 Pack),8.99 
Shacke Pak - 5 Set Packing Cubes - Travel Organizers with Laundry Bag,21.99 
MOSISO Sling Backpack Multipurpose Crossbody Shoulder Bag Travel Hiking Daypack,17.99 
Vorspack Toiletry Bag Hanging Dopp Kit for Men Water Resistant Canvas Shaving Bag with Large Capacity for Travel - Army Green,12.99 
Laptop BackpackBusiness Travel Anti Theft Slim Durable Laptops Backpack with USB Charging PortWater Resistant College School Computer Bag for Women & Men Fits 15.6 Inch Laptop and Notebook - Black,31.99 
Universal Shampoo/Conditioner Pump for Bottle 1 L/33.8 oz. Piece 2 White,6.97 
U.S. Traveler Rio Rugged Fabric Expandable Carry-On Luggage Set Blush Pink One Size,58.00 
Leak Proof Travel Bottles - Travel Containers for Travel Size Toiletries with TSA Quart Bag,10.99 
SHOWKOO Luggage Sets Expandable Suitcase Double Wheels TSA Lock (ArmyGreen),189.99 
Rockland Duffel Bag,16.19 
5Pack Silicone Luggage Tag with Name ID Card Perfect to Quickly Spot Luggage Suitcase by Ovener,11.99 
Passport and Vaccine Card Holder Combo - Passport Holder with Vaccine Card Slot Waterproof Synthetic Leather Passport Case Protector Stylish Passport Cover with 3D Embossed Patterns Ultra Slim Passport Holders for Men and Women,6.49 
BAGAIL 6 Set Packing CubesTravel Luggage Packing Organizers with Laundry Bag,19.99 
Extra Large 52L Travel Laptop Backpack with USB Charging Port Fit 17 Inch Laptops for Men Women,39.99 
Cruise Luggage Tag Holder Zip Seal & Steel Loops for Royal Caribbean & Celebrity Cruise | ID Badge | Waterproof Clear | Royal Caribbean Cruise Travel Accessories | (Clear - 4 Pack),5.79 
G4Free Sling Bags Men Women Shoulder Backpack Small Cross Body Chest Sling Backpack,14.44 
ACdream Passport and Vaccine Card Holder Combo Cover Case with CDC Vaccination Card Slot Leather Travel Documents Organizer Protector with RFID Blocking for Women and Men Rose Gold,9.34 
Yoobure Small Mini Umbrella with Case Light Compact Design Perfect for Travel Lightweight Portable Parasol Outdoor Sun&Rain Umbrellas,13.49 
Nalgene Tritan Narrow Mouth BPA-Free Water Bottle 32 oz,8.80 
Segbeauty Fine Mist Hair Sprayer 6.8oz Continuous Misting Water Bottle 200ml Black Empty Refillable Sprayer Airless Aerosol Mister for Curly Hair Salon Barber Hairstyle Planting Ironing Cleaning,7.99 
Amazon Basics 4 Piece Packing Travel Organizer Cubes Set Black,23.56 
Sauberkugel - The Clean Ball - The clever way of cleaning bags backpacks and school bags,12.99 
Samsonite Winfield 2 Hardside Luggage with Spinner Wheels Charcoal 2-Piece Set (20/24),112.72 
Bar5F Plastic Spray Bottle 16 oz | Leak Proof Empty Clear Trigger Handle Adjustable Fine to Stream Output Refillable Heavy Duty Sprayer for Hair Salons & Spas Household Cleaners Cooking,5.97 
POLENTAT 17 Pcs Silicone Travel Bottles Set TSA Approved Travel Size Containers for Toiletries for Shampoo Leak-proof Travel Accessories Containers with Tag,13.99 
Kitsch Refillable Flat Pouch Travel Bottles Set Leak-Proof Travel Bottles for Toiletries TSA-Approved Travel Size Toiletries Containers 3oz Reusable Travel Bottles for Shampoo Conditioner and More,10.19 
Packing Cubes for Travel 8Pcs Travel Cubes Set Foldable Suitcase Organizer Lightweight Luggage Storage Bag (Beige),19.99 
Poriff Men's Casual Slim Fit Basic Tops Knitted Thermal Turtleneck Pullover Sweater,18.99 
Levi's Men's 100% Cotton Multi-Purpose Bandana Gift Sets – Headband Wrap Protective Coverage,8.30 
Kcutteyg Women's Joggers with Pockets High Waisted Workout Athletic Sports Soft Lounge Pants for Running,28.99 
Nipple Covers 4 Pairs for Women Reusable Adhesive Invisible Pasties Silicone Cover for Dress Pink,11.79 
IUGA Workout Shorts for Women with Pockets High Waisted Biker Shorts for Women Yoga Shorts Running Shorts,9.99 
Dreamgirl Women's Sheer Thigh-High Stockings with Silicone Lace Top,8.00 
INTO THE AM Men's T-Shirts - Short Sleeve Crew Neck Soft Fitted Tees S - 4XL,19.95 
Langwyqu Womens Cap Sleeve Blouses T-Shirt Casual Loose Fit Basic Shirts Tank Tops,9.99 
Avidlove Women Snap Crotch Lingerie Sexy Lace Bodysuit Deep V Teddy One Piece Lace Babydoll,13.99 
Alelly Women's Summer Cute High Waist Ruffle Skirt Floral Print Swing Beach Mini Skirt,24.99 
EXLURA Women's Lantern Sleeve Tie Back Dress Ruffled Off Shoulder A-Line Vintage Mini Dress,38.99 
IDEGG Women and Men No Show Socks Low Cut Anti-slid Cotton Athletic Casual Socks,12.99 
Vamqor 100% Cotton 10 Pack Fine Bandanas,10.99 
Comfort Colors Men's Adult Short Sleeve Tee Style 1717,7.59 
Modegal Women's Vintage Strapless Open Back Boned Mesh Bustier Zip Back Corset Bodyshaper Crop Top,31.99 
Womens Silicone Pasties - Breast Petals Reusable 2 Pairs Adhesive Silicone Nipple Cover For Dress Pink,9.89 
Gildan Adult Fleece Crewneck Sweatshirt Style G18000,8.57 
XIEERDUO Womens Summer Shirt V Neck Casual Tshirts Puff Sleeve Tops for Women Solid Color S-2XL,19.99 
IUGA High Waisted Yoga Pants for Women with Pockets Capri Leggings for Women Workout Leggings for Women Yoga Capris,9.99 
Uincloset Women's Summer Basic Sleeveless V Neck Casual Tank Tops Loose Shirts,20.98 
Fruit of the Loom mens Dual Defense Cushioned Socks - 12 Pair Pack,12.97 
MIHOLL Women's Short Sleeve V-Neck Shirts Loose Casual Tee T-Shirt,9.99 
Women's 4 Pieces Exotic Lingerie Set Strappy Fishnet Lingerie Lace Bra and Panty Sets High Waisted Mesh Underwear,16.99 
Hanes Women's X-Temp V-Neck T-Shirt,6.29 
Comfort Colors Men's Adult Short Sleeve Pocket Tee Style 6030,4.50 
High Waisted Leggings for Women - Soft Athletic Tummy Control Pants for Running Cycling Yoga Workout - Reg & Plus Size,12.99 
Emmalise Women's Basic Casual Long Camisole Adjustable Strap Cami Layering Top,8.93 
SANGTREE Girls Women's Pleated Skirt with Comfy Stretchy Band 2 Years - US 3XL,4.99 
Biwisy Mens Swim Trunks Quick Dry Swim Shorts with Mesh Lining Funny Beach Shorts,17.24 
COOFANDY Men's Hawaiian Floral Shirts Cotton Linen Button Down Tropical Holiday Beach Shirts,19.99 
Amazon Essentials Women's Classic-Fit Long-Sleeve Crewneck T-Shirt,9.96 
Cricut White Baby Bodysuit 0 – 3 Months Blanks Infusible Ink 0-3,2.99 
Avidlove Women One Piece Lingerie Deep V Teddy Sexy Lace Bodysuit,13.69 
Bbonlinedress Women Short 1950s Retro Vintage Cocktail Party Swing Dresses,18.99 
ADOME Women Schoolgirl Lingerie Roleplay Lingerie Set Sexy Student Costumes,15.99 
Women's Long Satin Finger Gloves Elbow Length 1920s Opera Bridal Dance Gloves,7.99 
Kate Kasin Women's High Waist Pleated A-Line Swing Skirt KK659,25.99 
Angashion Women's Tops Casual Floral Print Cap Sleeve Ruffle Neck Loose Babydoll Shirt Blouse Tunic Top,9.99 
YP Classics Retro Trucker Cap,7.18 
Carhartt Mens Loose Fit Heavyweight Long-sleeve Pocket T-shirt (Big and Tall),22.99 
Donnalla Women Sexy Lingerie Set Two Piece Lace Bra and Panty Set Bralette Sleepwear,16.99 
Carhartt Men's Midweight Hooded Sweatshirt,33.74 
SySea Womens High Waisted Leopard Print Palazzo Pants Belted Wide Leg Long Trousers with Pockets,34.99 
Avidlove Lingerie for Women Lace Babydoll Sleepwear Boudoir Outfits Plus Size Langeray XS-5XL,11.04 
AWULIFFAN Women's Summer Sleeveless V-Neck T-Shirt Tunic Tops Blouse Shirts,14.99 
LookbookStore Women's High Waisted Rolled Hem Distressed Jeans Ripped Denim Shorts,25.99 
Joopin Polarized Lennon Round Sunglasses Women Men Circle Hippie Sun Glasses,10.19 
XIEERDUO T Shirts for Women Loose Fit Cap Sleeve T Shirts with Pocket for Women,19.99 
Eytino Women Sexy V Neck Long Sleeve Open Back Printed Mini Short Dresses(S-XL),15.99 
Sieanear Tank Top for Women Summer Halter Tops Pleated Sleeveless Cami Shirts,19.99 
Floerns Women's Boho Floral High Waist Split A Line Midi Skirt,19.99 
INTO THE AM Men's Graphic Tees - Cool Novelty Design T Shirts for Men,24.95 
Hanes Ultimate Men's 5-Pack Tagless ComfortSoft Crewneck T-Shirt,18.98 
Jurassic Park Men's Classic Movie Logo T-Shirt,7.88 
Garter Lingerie for WomenSexy Lace LingerieSheer Matching 4 Piece Lingerie Set,26.99 
COOFANDY Men's Short Sleeve Linen Shirt Cuban Beach Tops Pocket Guayabera Shirts,25.97 
Comfort Colors Men's Adult Long Sleeve Tee Style 6014,10.75 
Avidlove Women Lingerie Satin Lace Chemise Nightgown Sexy Full Slips Sleepwear S-4XL,10.99 
Kate Kasin Wear to Work Pencil Skirts for Women Elastic High Waist Wrap Front,12.99 
Fruit of the Loom mens Dual Defense Crew Socks 12 Pair,11.97 
Happy Sailed Women Long Sleeve Ruffle Layer Backless Swing Mini Dress S-XL,36.95 
Adar Underscrubs for Women - Long Sleeve Underscrub Comfort Tee,14.99 
INTO THE AM Graphic Tees for Men - Cool Streetwear Colorful Art T-Shirts S - 4XL,24.95 
DJT FASHION Women's Casual Mini Flared Plain Pleated Skater Skirt with Shorts,13.95 
Women Loose T Shirts Home Short Shirt Mini Dresses Tops,12.99 
Relipop Women's Floral Flared Short Skirt Polka Dot Pleated Mini Skater Skirt with Drawstring,16.99 
PRETTYGARDEN Ditzy Floral Skirt Midi Boho Elastic High Waist Skirt A-line Long Vintage Skirts for Women Pleated Skirt,29.98 
LookbookStore Women Casual Crewneck Mesh Panel 3/4 Bell Sleeve Loose Tunic Dress,17.99 
Made By Johnny Women's Elastic Waist Stretch Bodycon Midi Knee Length Pencil Skirt for Office- Made in USA,15.75 
Blue Q Women's Novelty Crew Socks (fit women's shoe size 5-10),13.99 
Magic Vibes Shirt | Cute Vacation Shirt for Disney | Unisex Sizing,22.99 
Libin Women's Lightweight Joggers Pants Quick Dry Running Hiking Pants Athletic Workout Track Pants with Zipper Pockets,28.98 
RSLOVE Women Lingerie Sets with Garter Belt 3 Piece Lace Teddy Babydoll Bodysuit,16.99 
Amazon Essentials Women's 3/4 Sleeve V-Neck T-Shirt,11.75 
SENSERISE Womens Casual Crewneck Sweatshirt Short/Long Sleeve Solid Color Shirt Soft Lightweight Loose Tops,9.99 
Smile Fish Women Casual Sexy 80s Costumes Fishnet Neon Off Shoulder T-Shirt,25.99 
Avidlove Women Deep V Lingerie Lace Teddy One Piece Babydoll Mini Bodysuit,13.99 
Sidefeel Women Off Shoulder Ruffles Bodycon Mini Dress,29.99 
LA12ST Women's Soft Jogger Pants Drawstring Pockets Lightweight Sweatpants,12.99 
MANGOPOP Women's Basic High Waist Faux Leather Bodycon Mini Pencil Skirt,23.97 
YININF Mens Hipster Hip Hop All Over Graphic Long Sleeves T-Shirt,23.99 
WIHOLL Womens Tshirts Loose Fit Crew Neck Ruffle Sleeve Pointelle Summer Casual Tops,15.29 
Women's Elegant Vintage Cotton Casual Floral Print Work Party A-Line Swing Dress with Pockets 162,28.99 
5 Pack: Men’s V-Neck Dry-Fit Moisture Wicking Active Athletic Tech Performance T-Shirt,32.99 
Snug Fit Unisex Adult Onesie Pajamas Flannel Cosplay Animal One Piece Halloween Costume Sleepwear Homewear,19.99 
MEROKEETY Women's Boho Leopard Print Skirt Pleated A-Line Swing Midi Skirts,23.89 
Women Fun Fact I Don't Care Shirts Cheerful Letter Print Tee Casual Summer Humorous Funny Saying Tops,19.98 
ALWAYS Women's Casual Jogger Pants - Buttery Super Soft Stretch Comfy Athletic Sweatpants with Pockets,12.95 
Epic MMA Gear Flowy Racerback Tank Top Regular and Plus Sizes Pack of 3,19.99 
JASAMBAC Women's Off Shoulder V Neck Ruched Bodycon Midi Elegant Cocktail Party Dress Wedding Guest Formal Dress,32.99 
Verdusa Women's Floral Mesh Overlay Elastic Waist Bodycon Mini Skirt,15.99 
Namifin Women Lingerie Set Lace Bralette and Panty Set Strappy Lace Lingerie,18.99 
NASHALYLY Women's Chiffon Elastic High Waist Pleated A-Line Flared Maxi Skirts,26.99 
KLIEGOU Mens Hipster Hip Hop Round Hemline Pattern Print T Shirt,19.99 
SheIn Women's Solid Shirred High Waist Layered Ruffle Hem Flared Mini Skirt,19.99 
IDEGG Women and Men No Show Socks Low Cut Anti-slid Cotton Athletic Casual Socks,12.99 
ReoRia Women's Sexy Sleeveless Racer Back Halter Neck Bodysuit Tank Tops,19.99 
MIHOLL Women’s Long Sleeve Tops Lace Casual Loose Blouses T Shirts,9.99 
Women’s Longline Sports Bra Wirefree Padded Medium Support Yoga Bras Gym Running Workout Tank Tops,21.99 
Hanes Women's Oh So Light Foam ComfortFlex Fit Wirefree Bra MHG521,5.99 
NIPPIES Nipple Covers for Women – Adhesive Silicone Pasties with Travel Box,26.00 
Relipop Women's Jumpsuit Floral Print V Neck Baggy Sleeve Waist Tie Double Layer Ruffle Hem Short Mini Dress Romper,26.99 
Good Vibes Rainbow Pocket Sleeveless Maxi Dress for Women Summer Hawaiian Beach Casual Tank Dresses Plain T Shirt Dress,24.98 
DREAM PAIRS Women's Chunk Low Heel Pump Sandals,21.99 
Amazon Essentials Women's Cotton Bikini Brief Underwear Multipacks,7.59 
Amazon Essentials Women's Belice Ballet Flat,13.83 
VIFUUR Water Sports Shoes Barefoot Quick-Dry Aqua Yoga Socks Slip-on for Men Women,8.68 
MIHOLL Women's Short Sleeve V-Neck Shirts Loose Casual Tee T-Shirt,9.99 
Joomra Pillow Slippers for Women and Men Non Slip Quick Drying Shower Slides Bathroom Sandals | Ultra Cushion | Thick Sole,19.99 
Amazon Essentials Women's Classic-Fit Short-Sleeve V-Neck T-Shirt Pack of 2,5.81 
Amoretu Women Summer Tunic Dress V Neck Casual Loose Flowy Swing Shift Dresses,24.98 
Fearless Tape - Double Sided Tape for Fashion Clothing and Body (50 Strip Pack) | All Day Strength Tape Adhesive and Gentle on Skin and Fabrics | Transparent Clear Color for All Skin Shades,10.99 
BELONGSCI Women's Dress Sweet & Cute V-Neck Bell Sleeve Shift Dress Mini Dress,22.09 
VOENXE Seamless Thongs for Women No Show Thong Underwear Women 5-10 Pack,12.71 
PUMA Women's 6 Pack Runner Socks,6.76 
PAPLUS Ankle Compression Sock for Men and Women 2/4/6 Pairs Low Cut Compression Running Sock with Ankle Support,11.99 
BRONAX Cloud Slippers for Women and Men | Shower Slippers Bathroom Sandals | Extremely Comfy | Cushioned Thick Sole,23.99 
Hey Dude Women's Wendy Shoes Multiple Colors,42.00 
Niidor Adhesive Bra Strapless Sticky Invisible Push up Silicone Bra for Backless Dress with Nipple Covers Nude,18.99 
Levi's Women's 501 Original Shorts,34.99 
Amazon Essentials Women's Slim-Fit Tank,11.39 
Crocs Unisex-Adult Men's and Women's Classic Clog (Neutral Colors),29.24 
No Show Socks Women Low Socks Non Slip Flat Boat Line 4/8 Pairs,11.89 
Cosonsen Women's Dress Deep V-Neck Long Sleeve Waist Tie Ruffle Mini Swing Skater Dresses,37.99 
Shapermint High Waisted Body Shaper Shorts Shapewear for Women Tummy Control Thigh Slimming Technology,24.99 
WIHOLL Womens Tops V Neck Summer Petal Sleeve Casual Tshirts,16.14 
Cicy Bell Womens Casual Blazers Open Front Long Sleeve Work Office Jackets Blazer,48.99 
BTFBM Women Casual Dress Crew Neck Ruched Summer Sleeveless Tank Bodycon Shirt Short Mini Dresses,24.99 
luogongzi 2 in 1 Flowy Running Shorts for Women Gym Yoga Athletic Womens Workout Biker Spandex Lounge Sweat Skirt Summer,14.00 
MEROKEETY Women's Summer Striped Short Sleeve T Shirt Dress Casual Tie Waist with Pockets,26.99 
Leggings Depot Women's Printed Solid Activewear Jogger Track Cuff Sweatpants,11.99 
"Blooming Jelly Women's Quick-Dry Running Shorts Workout Sport Layer Active Shorts with Pockets 1.75""",19.19 
Niidor Adhesive Bra Strapless Sticky Invisible Push up Silicone Bra for Backless Dress with Nipple Covers,20.99 
Under Armour Women's Fly By 2.0 Running Shorts,6.99 
Jescakoo Women's Short Sleeve Round Neck T Shirt Front Twist Tunic Tops Casual Loose Fitted,19.99 
Saucony Women's Performance Heel Tab Athletic Socks (8 & 16 Pairs),13.99 
Cushionaire Women's Feather recovery slide sandals with +Comfort,24.99 
YIANNA Waist Trainer for Women Underbust Latex Sport Girdle Corsets Cincher Hourglass Body Shaper,22.89 
Women's Floral Print Puff Sleeve Kimono Cardigan Loose Cover Up Casual Blouse Tops,14.99 
Floerns Women's Boho Floral Print Off Shoulder Split Long A Line Dress,28.99 
Bali Women's Comfort Revolution Wirefree Bra DF3463,15.00 
Hey Dude Women's Wendy Shoes Multiple Colors,50.00 
Crocs Unisex-Adult Men's and Women's Classic Clog (Retired Colors),22.39 
YATHON Casual Dresses for Women Sleeveless Cotton Summer Beach Dress A Line Spaghetti Strap Sundresses with Pockets,21.98 
RUNNING GIRL Sports Bra for Women Criss-Cross Back Padded Strappy Sports Bras Medium Support Yoga Bra with Removable Cups,16.99 
ANZERMIX Women's Breathable Cotton Thong Panties Pack of 6,9.99 
VICHYIE Women Tank Tops Summer Sleeveless Basic Cami Top Shirt Slim Knit Ribbed Racerback Blouses,8.49 
Lemedy Women Padded Sports Bra Fitness Workout Running Shirts Yoga Tank Top,16.14 
HeyNuts Essential 7/8 Leggings Buttery Soft Pants Hawthorn Athletic Yoga Pants 25'',20.99 
Colorfulkoala Women's High Waisted Yoga Pants 7/8 Length Leggings with Pockets,25.00 
PRETTYGARDEN Women's Summer Wrap Maxi Dress Casual Boho Floral V Neck Short Sleeve Ruffle Hem Split Beach Long Dresses,40.99 
Happy Sailed Women Casual Loose Short Sleeve Belted Wide Leg Pant Romper Jumpsuits,19.95 
Birkenstock Unisex Arizona Essentials EVA Sandal,34.00 
PRETTYGARDEN Women's Loose Solid Off Shoulder Elastic Waist Stretchy Long Romper Jumpsuit,19.99 
PRETTYGARDEN Women's Floral Summer Dress Wrap V Neck Short Sleeve Belted Ruffle Hem A-Line Bohemian Maxi Dresses,40.99 
Signature by Levi Strauss & Co. Gold Label Women's Totally Shaping Pull-on Skinny Jeans,16.17 
YEOREO Women High Waist Workout Yoga Gym Smile Contour Seamless Cycling Shorts,13.59 
SPANX Shapewear for Women Tummy Control High-Waisted Power Short (Regular and Plus Size),36.00 
SUUKSESS Women Wrap Bikini Set Push Up High Waisted 2 Piece Swimsuits,28.95 
Momcozy Hands Free Pumping Bra Adjustable Breast-Pumps Holding and Nursing Bra Suitable for Breastfeeding-Pumps by Lansinoh Philips Avent Spectra Evenflo and More(BlackX-Small),19.99 
BTFBM Women Summer Bohemian Floral Casual Wrap V Neck Ruffle Cap Sleeveless Belt A-Line Pleated Hem Swing Midi Sun Dress,40.99 
Hanes Women's Cotton Tank,4.98 
Fruit of the Loom Women's Eversoft Cotton Brief Underwear (Regular & Plus Size),8.00 
AUROLA Workout Shorts for Women Seamless Scrunch Short Gym Yoga Intensify Running Sport Active Exercise Fitness Shorts,30.99 
Women's Cushionaire Luna Cork footbed Sandal with +Comfort,24.99 
Workwear Revolution Women Scrubs Top Mock Wrap WW610,19.98 
GRECERELLE Women's Summer Floral Print Cross V Neck Dress Bohemian Flowy Long Maxi Dresses,28.99 
Amazon Essentials Women's French Terry Fleece Jogger Sweatpant (Available in Plus Size),6.75 
SATINA High Waisted Leggings for Women - Soft Women’s Leggings in Capri & Full Lengths - Regular and Plus Sizes in 25 Colors,9.99 
Amazon Essentials Women's Classic-Fit Short-Sleeve Crewneck T-Shirt Pack of 2,6.44 
Bluetime Women's Casual Lightweight Open Front Cardigans Soft Draped Ruffles 3/4 Sleeve Cardigan (S-3XL),8.88 
Hanes Women's SmoothTec ComfortFlex Fit Wirefree Bra MHG796,8.88 
CUPSHE Women's One Piece Swimsuit Tummy Control V Neck Bathing Suits,29.99 
POKARLA Women's High Waisted Cotton Underwear Soft Breathable Panties Stretch Briefs Regular & Plus Size 5-Pack,21.24 
Vanity Fair Women's Full Figure Beauty Back Smoothing Bra (36C-42H),18.98 
FUNKYMONKEY Women's Comfort Slides Double Buckle Adjustable EVA Flat Sandals,18.99 
BTFBM Women Floral Dresses Casual Summer Sleeveless Halter Neck Ruffle Belt Boho Polka Dot Leopard Print Sun Short Dress,35.99 
Colosseum Active Women's Simone Cotton Blend Yoga and Running Shorts,9.99 
Skechers Women's Go Walk Joy Walking Shoe,32.64 
PRETTYGARDEN Women's Summer Casual Boho Dress Floral Print Ruffle Puff Sleeve High Waist Midi Beach Dresses,40.99 
DREAM PAIRS Women's Ankle Strap Espadrilles Platform Wedges Sandal,19.99 
PAVOI 14K Gold Colored Lightweight Chunky Open Hoops | Gold Hoop Earrings for Women,12.95 
GRACE KARIN Womens Casual High Waist Pencil Pants with Bow-Knot Pockets for Work,32.99 
Blouses for Women Fashion Casual Long Sleeve Button Down Shirts Tops XS-3XL,18.99 
Maidenform Women's Stay Put Strapless Bra Se6990,12.00 
ANRABESS Women's Casual Loose Sundress Long Dress Sleeveless Split Maxi Dresses Summer Beach Dress with Pockets,26.99 
Amazon Essentials Women's Slim-Fit Camisole Pack of 4,9.10 
EXLURA Women Tie Back Long Lantern Sleeve Square Neck Ruffle Dress Elastic Waist Aline Casual Mini Dress,39.99 
PrinStory Summer Tops Knit Shirts Casual Ruffle Short Sleeve Top Round Neck Tunic Tank Tops Tee Blouse for Women,18.98 
Crocs Unisex-Adult Classic Clog (Retired Colors) | Slip on Water Shoes,31.95 
